param,last_epi_day
73347,256
88316,248
13462,287
86220,267
24054,233
11063,285
89418,251
71900,226
22867,240
48201,262
14653,260
62673,259
12197,262
24133,250
94131,232
59655,223
37910,299
43005,261
81382,235
73292,239
91699,228
77413,244
88322,242
31188,251
19421,257
17068,262
68200,266
49446,262
40310,262
62665,262
99467,254
41887,295
45593,253
16967,251
41665,255
54585,237
73405,267
12236,266
22815,227
25350,252
86150,260
12268,261
8629,283
21713,241
32260,228
45669,273
81387,235
65887,290
65795,257
83902,255
62120,327
59699,234
90508,240
68233,278
51980,238
68171,252
69384,253
13392,255
12282,283
18191,262
74605,235
86217,257
45637,272
65899,290
64677,249
1439,336
62131,326
53304,233
62815,320
78775,240
73383,249
74627,228
75932,221
39022,293
27551,230
86173,261
27647,244
12169,259
70620,227
97545,251
37847,300
74694,252
14677,263
4949,295
74508,218
63780,293
26440,245
74601,227
75976,223
58476,256
73233,232
65776,252
68227,260
69374,235
82760,226
57020,217
25264,238
95408,216
17030,255
31126,241
78617,214
6186,304
73289,248
57148,242
58588,259
65912,286
69472,261
62844,336
29840,219
28726,231
94144,217
63679,297
49479,252
1466,343
63655,257
27552,231
80086,238
49636,277
75888,215
18042,239
46885,250
97653,284
68166,248
65803,258
50734,249
92923,224
48208,262
20612,259
71911,226
19330,240
21705,241
60940,224
29930,235
3775,311
71822,218
26399,227
12250,283
85153,253
21656,248
28684,226
90594,272
31009,224
95391,215
34437,312
28788,247
74735,257
71922,234
71947,248
37902,287
82679,209
43032,296
50816,264
11068,285
21769,247
94169,215
86154,260
64736,275
55897,245
9757,270
2561,329
81399,234
85224,284
40368,257
76029,247
73332,248
65828,264
85193,254
94166,228
3800,311
87169,241
85225,270
68202,255
68129,246
77363,250
84225,237
82651,216
13458,283
91722,238
37867,289
73171,215
71881,232
97618,255
78650,220
31166,245
2507,301
92991,238
2447,287
12175,262
64808,285
82764,232
64750,264
94165,240
77387,248
1376,346
63767,293
84395,271
59882,271
62752,292
1455,336
8614,292
94136,220
5020,320
69401,243
77263,229
5012,320
82634,206
27583,233
88305,244
90598,262
77467,247
16911,248
21685,241
80018,233
87196,256
63645,290
16914,249
31331,260
57119,234
19337,243
77285,220
78725,241
21827,264
3670,295
81246,205
63741,292
44339,260
97609,267
97638,307
27621,243
18220,256
62758,298
71962,243
68206,268
37875,288
27637,242
73329,244
53323,244
45613,269
15774,248
31103,236
25227,232
97608,283
12270,275
32503,263
14623,262
50745,254
35555,341
50727,245
91724,218
18336,292
29858,227
78593,215
65767,251
64753,268
21709,239
86157,260
29996,243
66989,271
95422,216
25297,246
55868,236
74545,210
5280,345
65772,250
78585,214
90522,227
82696,215
25258,244
23945,222
8639,283
20500,242
54588,239
80118,245
26431,239
32189,238
29928,233
64724,263
23997,234
59818,245
24077,239
91674,227
41717,255
74541,221
8523,265
22883,243
26492,248
73150,220
7449,279
28756,235
40418,265
69345,254
18132,240
14635,276
53321,246
59672,232
20608,257
68244,278
1403,350
76031,240
68293,279
1456,336
88293,288
10995,260
3702,294
17074,283
52067,248
1442,324
49365,240
74704,246
3695,294
74581,223
28840,245
73360,250
48081,251
15851,257
91785,247
62807,314
48119,244
63804,306
32249,228
29924,231
80087,241
77292,231
73314,247
70658,248
69339,231
80096,233
22853,237
92929,224
46959,269
14681,276
11069,285
49473,244
13464,287
64702,252
75952,239
15801,251
14651,276
30006,243
68221,255
94191,228
25250,244
14478,240
65969,278
46884,250
79948,210
78708,234
62656,263
52017,238
3770,304
58461,242
48189,249
74539,216
43064,280
90572,250
76017,242
28829,242
12176,255
43168,306
65850,279
72033,256
74547,221
2455,292
26382,233
83896,277
44458,317
12256,283
3693,323
77384,236
24081,245
3704,303
83892,262
57323,265
48065,233
87208,248
62704,268
69377,225
81300,206
14615,257
55856,232
3644,280
27549,231
82600,204
58431,236
78647,221
55838,234
86219,263
21697,244
5136,347
9821,277
12255,283
10972,274
79887,204
39053,277
22887,245
62129,327
28779,243
78568,212
95437,218
15720,248
1423,336
81401,229
32337,243
4903,289
10973,265
8649,281
11056,285
59587,218
82774,237
53442,255
40376,262
62125,327
70676,246
9798,266
8574,270
25328,253
78774,241
79963,212
8657,289
59707,236
70713,260
63625,272
27664,242
66957,247
14670,272
91814,247
62712,260
24093,253
32316,239
68241,278
87212,241
55842,232
9859,280
74678,255
2445,302
63606,273
18238,259
69456,261
75995,251
28790,247
77380,241
15796,259
90544,244
19419,260
21781,255
67062,284
64770,283
21783,252
63768,293
64685,251
58369,242
98481,248
89336,230
29911,230
1357,333
3727,303
64726,252
92934,224
24143,262
77255,225
49451,247
43128,272
96986,276
9765,270
62104,325
33552,335
97578,230
88288,249
91738,229
31118,237
12242,283
87216,236
16963,251
92945,228
26514,255
62666,262
20911,289
82656,209
65742,246
81395,235
1358,331
18095,239
81410,234
90473,234
67033,294
24125,250
45609,260
62087,331
78700,234
35496,337
61021,252
44257,262
14682,276
3680,323
82633,206
69373,250
10984,263
27970,284
62803,310
20533,244
15803,259
79899,204
70699,254
21758,247
44275,253
21696,244
5023,320
36707,330
74572,221
55921,259
85232,270
61125,252
20466,230
95469,239
47039,278
76007,242
15857,267
11054,285
77232,207
34458,347
82625,205
74635,242
76000,239
22898,247
19371,251
34355,308
63742,293
87218,242
77273,210
78621,233
8581,270
71875,221
55860,232
9815,271
31033,223
16997,255
88258,239
80088,233
40303,278
84390,281
27540,228
60924,227
87203,241
78744,235
64799,285
87214,241
64827,284
25326,247
77278,220
16959,244
24140,245
28765,233
29964,241
88306,244
69473,261
81400,232
34405,318
23128,279
57172,243
54582,247
76138,251
6181,292
63754,301
94158,222
21819,256
96889,253
45563,247
62734,300
25310,246
75987,233
70580,227
18182,256
4911,279
24138,249
70776,263
98556,277
78724,240
89417,235
46878,248
91649,230
95523,249
32254,230
90569,236
22937,244
15891,275
94135,217
89430,297
54758,263
70634,244
28864,248
58409,226
85229,273
73224,226
91664,225
82867,243
39134,279
26411,237
69448,263
87287,257
6132,293
89425,244
20557,250
45590,265
16942,246
96916,253
63752,293
53309,246
95365,207
13481,287
33569,323
64627,269
22886,239
59731,242
35661,353
5009,303
20640,268
12290,283
6084,273
78665,232
89389,240
81352,225
62651,267
65836,259
15723,255
77182,205
68148,246
65759,248
74637,229
66941,239
77311,224
63678,297
74705,243
59673,225
29907,227
15823,267
64836,300
13485,271
2570,329
58368,242
13472,287
13417,264
80058,238
71868,220
60923,231
58424,235
68188,253
27635,249
63731,292
4970,289
88358,261
69454,264
84409,282
28821,240
74656,255
26522,255
33588,344
27572,231
40438,295
28824,242
63773,293
63664,261
63795,296
71908,236
69371,233
47007,267
57146,235
3656,298
18207,263
594,319
78837,247
86203,244
75963,230
72086,273
85210,267
13429,264
81418,238
62147,306
77343,229
89397,232
81293,208
71915,230
49467,250
94161,227
26469,243
73263,234
77305,223
78636,216
25239,239
62075,301
79945,224
29960,242
6222,304
63681,293
74684,248
74641,246
79937,214
12168,255
7381,273
75881,217
75878,214
32218,224
69347,241
65835,258
4990,320
64708,266
68187,267
59671,241
592,352
90546,233
62787,310
55850,231
20531,246
41695,264
3739,341
88302,271
9773,268
70782,269
63670,293
18222,253
32286,238
15804,255
79885,208
66931,244
20590,251
6143,292
1434,318
8668,283
68222,267
3655,308
75950,239
78752,244
82686,211
2542,322
13400,256
76059,245
74668,240
37861,300
72026,260
66935,247
15668,244
78682,233
85170,247
7463,298
75969,230
67060,294
63683,271
16983,249
65977,287
27661,251
73144,214
80033,230
70610,238
97586,249
22847,238
12278,275
20553,246
65882,290
99466,254
81426,238
49461,255
24053,232
57096,247
82606,202
9827,276
63796,306
32242,226
76122,256
53370,265
74690,255
65856,288
66975,254
21755,253
85223,269
77277,216
70660,239
22915,246
95515,240
33513,327
94207,232
85156,253
37922,304
73337,256
68131,254
27591,235
64735,275
7330,261
62804,310
79944,211
638,340
61045,249
7370,278
92926,219
72016,260
40383,262
9878,282
77335,252
74634,242
70720,260
3662,285
54529,228
13427,272
71920,235
22770,226
63639,302
72085,270
94193,235
18228,259
7396,293
73318,246
74766,254
20546,250
60906,239
11012,267
4898,289
43014,264
52170,259
73187,227
52043,247
62866,295
11106,288
20526,246
21672,243
66969,254
21671,243
13407,262
83913,299
16992,247
6077,272
84368,292
8697,286
31146,240
45608,252
18188,246
35529,307
92983,243
87258,241
80005,225
57113,229
65751,237
4999,320
16957,247
74650,239
8936,327
77334,237
70587,234
75895,217
77336,235
36656,301
66995,257
65904,286
36703,304
68170,252
78666,220
75843,213
74608,228
68082,243
72020,246
3741,310
32238,226
89420,256
15807,261
33551,346
32214,227
74597,234
12221,269
61029,245
72018,260
13408,257
98487,252
9802,269
89428,252
2535,328
77256,223
96578,274
51923,231
85204,254
62731,315
19348,241
32155,220
50708,239
21678,242
67023,288
78692,234
73297,242
94151,215
19347,245
39153,282
18229,259
97531,258
19425,268
65985,287
63654,257
59738,250
66970,259
67074,289
35590,306
13401,256
12419,295
90590,248
88300,244
68261,282
21751,255
22885,239
8792,314
30014,252
16893,241
77342,237
20458,228
49438,243
97639,250
22907,240
70640,225
87207,267
69368,266
83906,255
20600,247
22871,238
25168,225
70605,236
74586,222
14599,261
16962,247
13406,255
62780,309
87246,257
32173,220
19331,243
48187,246
74620,221
1408,333
39091,286
89440,234
57140,233
3687,323
22971,254
26437,243
22911,248
74611,234
59850,251
1411,350
99521,223
81328,225
8671,283
39151,287
66927,273
12180,262
77350,237
63677,262
25265,241
68196,254
27641,244
62867,311
57124,228
8596,271
71948,248
8612,282
92916,219
90542,235
77246,224
28769,237
24082,243
53490,279
81428,237
90557,237
24134,250
60975,231
75945,234
91742,248
32205,223
67039,288
31138,246
25236,234
86193,262
73256,230
82755,234
92866,225
17082,272
62059,293
19274,233
43013,264
95394,219
24100,253
63740,292
89361,239
5014,320
70768,260
31093,232
59656,223
26444,247
72011,246
6131,290
92873,210
85211,286
64858,308
77396,254
11031,285
68270,265
57137,231
78657,218
27501,221
51996,241
41823,300
52114,266
65799,234
70572,231
73298,249
4964,298
73296,238
80071,240
92993,241
18225,254
40455,282
81269,204
66968,245
3826,307
62711,260
9905,286
15788,251
69413,253
55840,231
78564,209
13439,287
94121,216
66972,244
62747,308
77231,204
19358,242
55830,243
75991,235
36700,292
32321,240
18247,259
45717,283
77289,233
81251,201
68128,246
19433,261
86205,244
55880,244
27523,229
13483,271
18163,251
81393,228
14568,257
77253,217
63777,293
43042,270
86165,244
87211,241
31144,240
75941,226
76060,242
75879,210
31089,231
98482,248
91680,223
73273,228
68236,278
28723,225
68238,269
9820,277
58418,234
48153,244
81398,235
52074,257
20561,250
13626,295
76035,249
68127,249
62698,267
11055,285
53287,237
99433,226
50633,235
54407,219
58445,240
71936,240
25320,248
31104,238
10924,252
62662,292
7386,280
66901,254
89409,256
68278,270
88290,244
15843,264
50732,249
70714,260
75948,222
67018,270
21766,252
70683,253
69378,225
8587,270
68179,246
28814,240
8604,271
13507,271
52033,245
69315,234
15855,267
92906,224
90571,240
92938,239
66915,262
69475,261
7342,288
77398,238
91777,241
90505,236
31050,224
25204,233
72040,253
63431,238
60900,229
86175,291
77366,239
11098,271
68240,280
96576,266
27600,242
70706,246
1464,336
69436,263
77369,246
69500,287
74697,243
79954,225
24076,237
92886,238
89374,257
15899,270
28733,226
73389,273
71916,226
78609,224
69452,272
3773,311
46862,245
35438,325
65792,253
37787,280
53355,250
65771,270
85199,250
26443,239
86148,260
84356,264
3784,311
81276,207
45551,250
80020,216
73266,234
6237,304
90504,229
98612,266
63803,285
73225,225
65883,290
24126,245
15856,267
5001,291
41658,257
9845,282
8659,283
64764,290
9826,277
58452,238
49463,258
2534,322
81331,221
68174,257
83900,255
53338,244
87206,245
8670,283
73210,221
24049,241
33525,310
21768,247
663,366
66932,246
32227,230
27599,237
43041,271
63757,293
69381,259
8591,270
22900,244
44307,263
80032,229
68220,256
21954,279
50706,239
36791,326
27628,244
69422,262
18235,268
36721,315
17011,258
99458,231
91744,239
82591,196
79977,215
11049,300
15869,279
64693,289
63748,292
62100,331
17021,255
92907,219
16010,278
20574,261
18204,253
58401,226
34578,366
69359,239
70752,254
73243,221
87249,239
86189,261
63647,274
62128,326
94199,236
20607,267
24184,264
64802,289
9729,266
78584,210
21651,237
58435,243
1438,336
62707,280
17022,255
27606,237
20443,228
81365,217
54742,256
62766,306
77223,206
18102,235
83887,283
10928,257
60964,240
49469,247
66962,255
26406,233
57127,235
22918,248
19422,257
22966,248
26350,224
78697,234
37891,285
65903,286
79997,225
90609,236
52014,241
64794,298
25234,237
2510,311
35562,322
92954,242
15845,267
34427,328
18199,263
59778,254
2536,328
13351,249
63716,291
69399,239
92876,238
59632,242
18155,246
17036,267
44268,249
99568,250
2579,329
14593,259
41831,271
69508,268
10935,258
19346,242
27640,244
35545,341
20540,242
28625,221
90521,233
72021,261
60982,238
46767,245
88329,262
71994,245
74628,229
74613,235
31145,240
21753,253
63642,290
4956,285
50751,249
8588,271
78562,211
19372,254
24034,236
71859,232
29923,231
88298,249
81305,212
50753,249
67065,284
33593,348
90578,250
69447,260
27568,227
81487,246
78652,222
80063,240
1364,333
80090,234
41592,256
36680,292
10999,265
43072,282
92952,227
68162,253
3679,323
19406,250
55823,243
70549,218
4910,307
14587,252
13491,287
17055,267
75971,236
21688,244
16984,249
97689,275
32284,239
15744,249
62102,314
73208,229
75872,211
50750,237
78814,250
75980,236
17053,267
32352,251
80012,215
55876,236
69393,250
84396,271
12300,282
76098,265
53292,249
87220,241
19364,251
82658,208
68180,246
70688,259
94173,224
40419,265
54546,248
68099,233
7305,269
21725,248
72077,269
73437,257
63811,285
71982,253
76015,239
78716,230
65933,280
64747,275
11019,265
73235,223
37888,288
66984,259
71896,246
89380,240
21637,231
25255,239
22811,228
81420,242
95492,226
48312,277
43049,264
6266,291
68183,247
34594,338
70719,263
81378,224
12225,267
22921,256
82803,237
34492,321
8617,279
80001,219
31048,224
98440,240
90586,272
73236,223
80102,244
59704,243
70667,232
74561,231
80143,239
32283,235
91721,223
68231,270
68190,258
67097,280
13404,260
70613,232
59686,229
58426,243
13331,251
21712,245
40550,300
65854,287
14554,250
80055,234
62738,300
82812,232
63746,325
39088,272
32360,245
9786,280
59639,242
35557,317
79917,207
44370,283
22970,250
19464,257
69419,253
24035,238
27623,241
4916,307
89435,243
32301,240
67044,284
92999,251
97627,242
33603,349
78594,225
78681,238
6155,288
37866,287
26388,233
12216,263
21759,255
57106,228
71890,222
69331,240
19363,251
68107,245
73258,237
65831,264
46784,245
34430,312
70617,229
69487,265
22974,254
41707,255
6152,286
35589,333
67068,294
18175,247
4966,298
82655,208
89412,238
68279,263
6232,304
59657,226
16974,249
94229,225
67028,282
27653,239
53313,243
7465,294
31096,234
92947,245
81291,206
78633,232
14675,276
12249,283
37762,286
79921,202
54631,244
49433,239
48185,249
21693,236
43144,303
67048,282
67011,287
16972,249
98549,263
2470,308
4901,307
78715,240
13471,287
68156,249
16990,248
84412,277
65910,295
77287,239
35576,304
88341,246
87319,259
5041,307
64663,249
77270,219
77264,211
69362,239
91729,239
6199,304
569,343
2621,319
15745,249
29912,228
12254,283
82746,227
31173,244
36714,331
78660,222
21786,256
74750,258
62802,310
71953,233
80082,237
31039,225
68054,225
68254,272
57195,256
74594,236
64810,320
77286,217
39132,284
89377,244
26354,229
34562,335
31034,240
77282,214
17060,267
86186,252
24029,236
8638,283
82767,231
80083,237
8597,271
4924,294
19259,231
68287,271
63734,287
63632,273
31159,240
11353,309
87219,241
82763,233
31130,241
63607,253
74578,220
81355,212
68285,281
95468,226
78731,240
72014,259
82647,208
64882,279
12244,267
70666,233
55929,265
74698,257
81361,223
85206,270
13415,264
63669,286
6229,304
3637,285
89423,255
50800,265
48155,262
43012,283
74612,234
94215,231
82751,226
78587,207
84375,292
87222,241
44296,261
31079,231
79923,204
73326,258
94145,217
32226,227
66001,290
66880,240
22819,229
34487,309
43015,264
28700,229
74651,239
74619,221
75894,215
95416,220
14602,250
77216,211
69540,277
71874,233
71904,227
89381,240
82734,225
32273,239
36704,298
83899,256
69387,253
80060,226
14633,276
25194,231
40434,279
69494,262
81323,207
37860,284
74661,242
70691,254
54591,245
75967,222
62127,327
33561,335
9758,270
63771,305
29825,222
97597,298
28808,243
59646,242
63623,267
35366,299
67020,287
78733,248
75983,234
65874,286
24086,253
97624,272
22090,289
78603,216
26451,239
2526,311
18205,253
41723,255
64694,263
11038,285
62732,314
85269,294
16919,244
69474,261
40426,288
12213,263
73276,235
14608,260
81363,233
76043,249
661,366
12262,275
18148,250
32325,239
94186,226
36693,289
34339,294
67047,282
48143,246
6226,290
81346,218
14567,249
28755,234
69532,268
19369,247
12218,266
27649,244
73429,254
68235,278
48177,263
65859,281
19448,263
78631,216
4983,320
74652,239
7371,272
6128,294
65806,240
16933,245
71876,228
77412,240
78639,220
18231,253
29836,220
7379,272
57142,235
11074,271
13375,252
86226,263
22917,249
77245,214
9846,282
95402,219
69409,247
27651,243
80016,225
81396,235
34499,320
37771,264
3783,311
98489,239
78805,254
70830,276
14550,250
77326,234
77349,236
9855,282
24117,253
74666,248
20547,247
45598,260
62685,299
23986,224
67031,288
46844,251
90501,233
1366,345
78580,208
77375,239
1432,336
88333,272
89502,254
80120,242
27545,226
68209,259
57090,247
91754,229
43009,272
85235,272
89379,240
81434,240
63665,276
81394,233
66955,273
82671,219
19376,255
68229,285
24107,253
75979,238
65905,279
65818,253
92918,227
49480,251
68146,246
20483,241
69414,258
94123,231
62657,263
85219,270
88266,235
40295,280
6184,299
20610,251
50625,219
16952,247
29900,230
68237,267
14562,249
64656,260
20532,245
12144,258
98495,249
1301,304
71945,235
12276,265
7350,271
81388,235
72102,264
40462,305
28718,231
4957,305
39159,288
69386,253
20606,251
12286,275
22961,249
92942,225
8643,283
35582,307
88275,240
86213,245
22882,240
91716,228
94160,211
91676,222
71895,231
43057,265
24115,250
70774,266
29936,236
74565,224
63732,292
44330,283
26472,241
14575,256
37916,279
31153,240
73336,256
12316,278
1399,346
66942,243
88311,248
2490,324
25212,231
81373,234
67051,288
81385,227
33559,335
81321,214
34473,335
4967,298
81414,226
90607,255
90496,222
79916,207
63657,257
25244,241
70697,259
34490,338
67058,288
92940,230
7364,272
94159,217
81307,207
95432,210
14634,276
41732,282
40558,313
79939,227
19405,250
89370,242
35527,314
62702,296
19342,248
98494,249
18162,251
86178,255
79961,214
81350,228
32229,228
26436,245
73390,246
48080,252
6182,292
89406,252
74624,228
15750,244
36665,289
74790,259
70709,248
77405,244
50904,261
80036,235
78630,225
40412,279
37844,298
22939,252
48172,247
78644,234
52015,245
40425,288
65890,290
65798,240
94157,238
96930,263
6141,285
57093,232
54541,248
78579,208
7422,298
77238,209
31024,226
28795,244
77320,220
62085,307
75992,241
62708,296
70698,246
27598,236
65931,288
80048,231
4981,320
64744,268
69418,254
7332,273
1424,336
22846,237
34472,335
66981,260
17023,255
21689,243
9781,269
67056,282
45494,253
62829,339
77316,234
14590,257
65858,279
70689,245
33584,330
8636,283
18201,256
70626,237
85173,252
57116,238
87202,245
31119,241
87259,262
57180,243
71967,250
68177,244
90593,271
17047,259
21763,254
35503,286
33595,348
68271,275
14624,259
75998,239
26480,241
77288,233
4931,296
64859,279
81442,232
29931,233
73278,239
99527,276
21648,236
81372,234
95423,217
33550,325
44319,274
98580,259
2547,328
47055,295
13448,287
33581,326
77341,236
26498,247
59641,233
66886,246
84374,292
28730,228
18219,259
83920,299
66978,271
77297,239
91752,238
76025,240
16951,244
63646,253
82797,231
32251,230
65789,292
69321,229
68286,265
28710,225
92902,239
65888,290
91774,253
50758,246
85197,271
12247,283
78690,234
19456,265
28717,230
73265,228
81511,244
50920,273
29874,228
64784,273
3735,303
64760,273
68113,245
4971,298
71961,253
18159,245
70631,244
91806,247
22978,249
13382,255
8602,279
69327,225
98526,251
71939,242
5080,315
90579,270
60891,225
14545,256
68161,252
9857,271
41752,264
3699,294
6136,275
69415,249
7460,308
7378,275
18142,245
28748,230
75999,239
95493,242
84377,256
78548,202
10990,264
91711,250
73280,244
70694,259
27512,223
9876,280
29896,228
75886,213
88297,238
85234,263
77325,233
28794,239
21700,240
55824,237
25278,253
77371,240
81456,232
18242,262
36658,320
15753,249
31016,221
55905,264
10980,275
20514,243
8589,271
4943,295
16979,251
70556,233
85198,269
39286,317
99559,247
634,343
27826,270
92948,236
85248,267
70675,252
17062,267
1400,346
69323,234
21749,245
63652,285
18125,244
33660,363
79932,208
48200,255
31124,244
64641,253
62679,260
78722,240
62824,320
98520,252
21732,251
18164,251
13428,259
43152,312
48328,276
99441,250
98473,245
62813,325
24057,233
82630,212
62724,313
62818,310
62739,315
95438,224
66982,260
73270,238
98534,251
73215,224
82843,252
62717,315
57120,234
21641,231
12134,259
70652,245
20617,256
59722,238
65940,276
29880,225
61101,254
80052,235
17054,267
48142,246
18265,270
71851,225
73209,241
54487,224
19353,249
71873,224
78612,208
73219,231
78596,207
91693,223
70725,255
82688,225
71937,235
70583,245
37894,298
49423,243
1372,335
82585,202
73251,237
82629,203
96972,262
62084,308
90547,233
73267,234
69403,254
71935,232
17048,255
62816,310
75857,205
20632,265
86185,259
3725,303
73319,255
67026,288
90567,252
69328,242
18091,235
78668,228
71932,242
69395,254
62845,312
89360,237
92914,220
65837,264
81286,208
44262,260
42897,249
97611,255
76011,253
13393,255
48352,289
71998,257
1447,336
29970,243
31037,226
16998,254
14603,256
41686,267
41608,251
96911,260
87130,231
36751,318
62071,299
75902,230
74640,240
77332,235
64703,252
25621,282
32197,226
70621,227
96931,256
81413,231
74576,226
20570,252
44317,267
81464,234
18116,244
19345,249
52008,238
99506,243
74774,257
14533,251
74677,240
3740,340
76053,242
13383,259
69363,228
25299,247
20572,257
39167,292
1316,309
78656,214
28746,231
81407,238
28991,266
97538,251
84410,287
6240,304
73249,237
70581,220
73346,256
63634,293
62067,273
61951,237
63686,297
91690,225
43019,264
31162,240
71988,245
62644,255
3716,295
54601,237
66952,248
10974,263
77280,215
91753,238
86204,259
4993,291
35528,307
34478,319
29979,243
82771,236
73186,230
25196,233
13414,262
21775,252
81439,239
64648,253
73366,252
7461,298
73397,263
88276,240
7307,267
63733,292
63648,274
22926,248
96918,253
60958,231
24052,233
62047,312
70745,261
13489,287
77310,220
29966,240
86158,260
9867,280
67019,287
63668,286
75936,219
85293,311
33555,335
36708,311
90559,255
28785,239
89387,232
70767,256
21686,236
6149,285
73328,256
23001,264
37897,288
68250,278
10958,265
21795,252
80046,235
621,338
29988,243
87251,274
27537,244
65855,288
48217,257
41722,274
5006,320
45741,286
77346,245
21694,239
25263,243
64649,253
41728,269
65881,275
3694,294
1390,346
13435,265
15870,267
99474,263
17067,271
7354,282
84369,292
27665,242
36695,301
65796,240
41767,291
3743,325
32267,233
67035,288
9780,265
59644,221
71928,226
64688,266
57129,225
78765,243
65812,260
98604,282
45623,261
45629,274
81313,213
9873,277
57154,248
31165,246
25119,227
7446,298
46841,255
41600,262
73374,253
22822,230
70655,242
28740,232
12223,267
89413,237
25276,248
62671,251
96950,276
26373,234
34479,338
19355,243
44450,279
71865,221
71950,238
81417,232
66958,246
82737,226
73179,238
29991,245
82621,205
87252,257
74621,235
54586,236
32289,241
24061,240
37946,307
34463,321
73217,229
7348,288
52202,263
20554,253
6127,293
9823,277
85174,262
24075,241
56033,263
73203,241
99497,241
8570,274
75926,208
2544,328
80042,236
54471,219
7375,276
21657,248
19424,251
36615,306
63684,279
13284,254
28803,242
6248,304
62722,280
74570,221
70606,253
92961,227
40377,262
77279,216
80059,226
63609,259
2497,300
68248,271
48139,246
64619,248
62796,310
20573,257
97646,307
80064,234
81379,234
82749,228
63737,288
78781,251
82712,225
85237,272
11082,297
13368,250
57036,220
77188,210
82678,211
54579,236
34470,321
71889,227
38010,315
76009,242
5015,320
44276,250
76046,247
63685,297
94316,246
62090,331
75944,234
74719,245
43011,283
58564,250
75897,213
65863,289
84365,293
26657,271
25226,232
58413,241
58572,254
70692,248
45757,285
45646,268
24022,239
73184,225
68277,270
77306,223
64719,260
57331,271
60934,231
3810,323
8548,269
54580,235
88344,272
27676,250
81364,233
70681,242
59689,234
68100,237
27601,234
98496,249
22934,248
82702,225
77266,218
72094,264
66860,242
78709,245
76027,245
63599,243
25304,245
6174,286
52178,258
34498,355
50714,240
11006,265
77388,246
17010,262
3663,285
64741,264
3774,311
18198,263
26466,254
8660,283
45621,273
66999,261
88321,269
76050,251
26403,230
20489,231
79992,215
81441,234
62117,326
62155,317
71929,242
20491,240
60971,240
62111,325
40463,282
14583,257
70696,259
91715,220
82700,225
22955,256
69360,224
62697,267
95475,235
8647,283
64687,266
68325,275
57135,232
35563,341
32180,224
35534,301
30000,244
94114,231
89454,246
76083,248
17032,255
63725,291
2529,325
67083,275
64891,281
89356,239
40392,282
25251,244
92909,227
3708,304
80027,234
86122,259
91782,243
63630,273
8594,273
63687,297
35558,312
69408,257
24130,247
81366,217
92915,224
79968,209
67081,278
92932,214
62814,314
88320,241
79940,227
66896,249
84433,302
69510,256
28708,230
9875,280
79986,232
88309,310
78601,219
64671,253
31167,245
32230,228
21737,253
60961,230
13447,287
77348,237
87156,231
71978,254
85169,245
36719,312
62165,315
81254,201
15822,260
13449,287
48256,267
21679,243
6096,286
62058,293
99567,257
19397,250
88314,269
73344,256
57143,227
660,366
53310,233
73271,237
34429,309
10991,264
28826,244
9870,282
89405,232
29952,234
31475,277
65860,265
62097,299
19418,258
17013,257
21655,239
72003,246
32212,226
11048,285
1458,344
65868,288
4902,289
82804,229
63695,297
6215,304
87226,270
80000,220
85188,254
90509,240
20586,257
80034,227
62668,292
70669,232
74533,213
52000,237
78695,233
25178,224
6175,286
14709,264
80013,226
45588,247
54596,244
49500,267
80025,232
87243,275
68153,245
80031,237
78714,240
99444,238
65893,295
92890,218
60970,240
81362,231
62109,325
68223,270
26376,231
86190,261
78766,239
66926,262
15790,253
8549,289
81356,213
68067,241
44338,274
27632,244
81245,205
72032,256
7429,298
46861,254
44260,256
41725,270
3733,310
87250,261
27569,227
59705,243
78712,240
61133,255
35560,325
89383,250
9741,263
31120,241
68102,246
71879,247
68123,258
50888,255
2577,329
62092,331
27627,242
47023,273
96577,274
68228,256
90507,240
41712,274
64678,262
96956,243
71899,226
87197,256
43017,282
70593,232
11050,273
26384,228
70636,236
14669,263
88291,234
36727,311
70732,260
53291,235
62042,310
98557,266
32266,234
90527,255
7363,280
62121,326
13446,287
9813,272
56009,252
79892,196
32293,239
96949,284
34419,298
8658,290
44203,244
78798,259
22903,245
95455,225
658,366
2555,329
48150,246
71940,248
49445,250
92967,258
79973,213
95451,230
56057,276
71974,267
58468,248
76005,238
65779,275
2602,329
86156,260
70807,273
74742,260
84423,288
13762,295
11047,285
95414,217
15766,248
98596,279
7385,279
50777,264
64874,309
48248,266
63615,254
66991,252
99352,237
66906,264
3700,305
17051,267
70695,263
8566,290
97601,274
90662,249
63608,253
65716,240
80074,237
73199,225
72054,256
66974,260
25296,249
15799,255
69361,239
57134,231
65954,272
78625,220
20625,256
65820,263
32282,238
2521,300
24004,248
41690,286
18151,243
78586,215
16968,251
32274,234
52037,238
95452,223
26493,244
91717,228
28750,227
85196,254
32495,260
72117,256
74689,255
80094,248
22914,240
82638,218
81218,199
36743,324
46890,260
78635,215
23971,225
41783,287
43020,256
40410,289
7341,288
84384,276
11062,285
60956,231
3767,311
28848,254
17037,267
31077,229
3782,311
74667,240
52210,286
82586,203
67113,284
9849,269
28772,236
55945,254
36657,311
34471,335
65902,295
27577,230
54564,238
58374,221
28677,220
20521,240
20508,240
84392,264
60930,225
78662,232
37994,313
21774,252
19277,233
11070,285
21796,250
98524,264
78571,221
29913,234
70679,256
20594,259
22958,252
67029,288
90523,221
33478,334
33598,346
3792,311
91689,221
28787,242
1463,336
26430,244
11015,265
94212,247
18251,268
82705,219
45559,250
50755,244
58500,258
48202,256
26390,234
68194,268
73330,244
20579,251
77224,206
41687,271
66990,257
55821,243
63782,293
88337,273
28786,245
19388,262
62688,276
7362,272
89408,249
2505,327
94179,226
78711,240
26416,234
65827,265
25306,246
62691,261
71914,234
74639,242
76038,247
90553,261
3788,311
33543,319
75910,242
73250,237
13467,266
35693,341
75996,240
94118,214
52024,237
46903,272
57150,232
7403,295
57315,259
77381,241
3772,311
86212,263
27639,244
69509,260
64664,260
49402,237
41855,316
24070,240
89407,255
65768,251
63735,292
3752,311
18076,230
18197,263
63656,257
25202,233
19378,250
31134,241
78540,213
3742,310
77194,204
65937,312
26400,235
74588,224
59579,223
29954,241
60937,226
52059,253
95483,234
64667,264
24050,243
73178,238
53297,237
65925,291
55846,234
46936,281
29922,231
3688,286
1374,332
8572,270
70753,252
14530,245
22845,237
65821,253
58425,229
88292,234
10988,266
9804,272
95378,218
78659,224
13416,264
70751,257
55843,248
90543,230
34488,309
83932,311
21779,254
39148,286
39138,280
78694,235
95449,228
69353,234
69434,256
67049,275
28774,247
73351,248
14539,271
90498,240
28734,226
25160,223
80044,235
87235,256
26442,245
13396,258
85200,267
29892,232
7349,288
65918,291
11072,285
74585,220
25358,266
46951,268
65877,288
73335,247
67034,288
19305,239
76028,248
87194,241
11066,262
53289,237
7444,298
68207,269
76066,251
81310,210
69366,234
32330,247
92971,239
27560,227
14577,257
9775,271
62779,310
14666,276
79962,210
54544,231
45478,239
65775,252
14648,276
28731,232
87185,261
95453,221
92960,241
58376,242
90552,242
99360,235
15757,248
63592,257
68230,267
3818,318
77265,215
91739,230
68176,258
62809,310
81253,201
14685,278
20584,253
14625,261
74602,236
29937,241
11020,280
59826,250
76016,239
82615,205
25342,254
32294,239
42982,257
31156,239
55815,243
623,338
74589,224
63774,293
7473,293
71964,234
7438,298
8579,272
58397,223
27543,230
81329,217
45555,251
7436,298
22894,239
76090,259
64672,260
91700,229
58410,224
70537,230
89378,240
75905,213
68217,260
71996,245
62066,269
15758,254
63718,291
92944,242
64665,260
70579,232
49449,250
72101,258
88264,270
97682,256
96932,265
69457,261
64680,262
87205,245
98565,266
3768,311
7374,273
69427,255
85226,270
89401,231
75935,222
54750,257
17024,255
31074,229
70564,215
76067,243
63714,283
55906,246
87204,241
62709,296
85209,267
95460,220
70806,263
590,341
58604,266
70648,225
6126,291
47031,275
48209,249
2398,314
80057,231
31101,234
13423,264
80047,239
74617,227
57179,266
31080,230
26455,245
48158,248
72048,256
36504,285
54607,237
74593,233
26448,245
94115,231
77362,234
27643,240
26496,241
9767,264
65845,259
32270,239
19387,257
67121,273
80067,238
45622,261
87282,279
68201,266
20476,242
89365,239
85176,254
12189,258
63694,297
71888,232
86287,261
22931,254
5031,320
15830,267
90584,234
73264,233
74644,254
98533,251
27617,241
27557,229
85189,245
82781,231
70737,261
70684,247
4963,298
63629,269
20597,251
70759,254
1392,346
31073,227
67075,294
55762,227
79978,211
33589,349
24043,232
91728,239
20595,251
2573,319
77257,223
66967,254
75913,218
2605,321
60955,225
82609,205
91726,238
14561,254
65788,239
79975,222
46928,262
80026,234
72039,258
34464,321
28782,247
57171,241
77254,216
90532,221
67000,261
87335,266
72002,246
17012,258
54540,248
24098,249
63759,293
68163,253
68164,253
40440,271
70758,267
18165,251
64768,274
70619,225
73200,229
26336,221
12207,268
7318,269
3802,323
22860,233
43056,280
65911,295
63763,285
88269,265
52007,238
11077,285
71960,247
67061,294
27691,252
84393,298
73262,232
94185,227
79936,212
55890,245
31150,239
15773,255
19435,258
62778,310
92963,243
64761,273
37851,286
28822,240
62733,300
16944,251
78607,215
73211,221
77302,227
81448,229
3664,285
52038,241
78684,233
79952,212
3760,311
89354,239
25334,248
73177,217
82740,231
75892,216
63769,293
7420,298
41674,271
79914,203
83901,255
8630,283
79991,225
63747,292
36688,293
3746,309
98477,228
21776,247
21761,255
95471,241
62741,281
54594,234
98433,240
52162,256
68225,260
70535,229
85143,258
71887,223
18097,242
69285,227
23009,251
14665,276
1415,333
27,208
37904,287
20582,257
71999,256
31069,225
28732,225
36568,279
82761,219
84394,271
33553,335
68211,256
8654,283
24122,247
12160,255
98550,242
48130,244
64785,273
74626,238
27619,247
21804,257
82697,218
24020,239
37895,276
15868,268
59652,222
25290,247
94128,232
37896,288
45572,259
9839,282
57151,234
14527,241
4818,293
89403,232
67030,288
71963,243
85228,253
22948,248
84355,264
1440,336
73317,254
70651,246
70612,232
15831,267
75956,218
9818,272
13376,258
71867,222
63702,297
16976,247
32269,239
14611,252
70597,240
18536,295
62161,297
50785,255
75920,221
74523,226
62713,261
6090,277
68178,246
62730,279
1474,343
41709,272
90525,221
14640,276
66910,245
28716,225
70555,230
60846,221
20522,243
9790,268
27612,238
73275,235
59687,234
21785,252
8515,260
25243,241
43006,261
67130,282
625,341
3720,303
73300,249
57122,229
82641,206
86137,244
28834,253
79999,218
19370,245
8603,271
84422,277
55819,235
52019,244
35547,307
9759,265
82618,207
21736,247
82752,219
68185,267
74703,253
8655,283
91784,234
61141,260
18241,256
83904,297
59681,224
58377,242
6092,267
6158,286
82851,242
6173,286
35581,325
28841,244
85172,247
78626,214
7373,273
24116,250
74556,220
88265,241
62114,326
86057,251
77427,255
29915,229
94205,246
68265,271
79938,214
39111,286
63653,260
65917,291
70734,257
45603,259
21716,245
62061,270
62823,320
84429,285
64711,248
49453,250
56017,253
73283,237
27575,231
26332,221
37836,283
43004,268
11046,285
27550,230
12190,266
87241,247
62082,301
81278,201
81381,235
20493,241
67027,288
24132,252
74623,238
96941,257
21803,251
92919,248
74632,240
25311,250
77419,246
88272,260
55770,223
68247,270
65873,276
60935,232
43035,275
63675,261
71983,254
65808,252
21729,246
11032,285
29932,233
57145,235
88260,239
50749,238
9795,270
62694,296
75966,222
21622,231
81409,228
48159,248
24160,258
46919,269
88231,246
40422,283
74712,251
84350,264
25289,246
13515,271
16982,249
55746,215
78576,207
99451,252
81424,230
84383,292
77261,226
63722,281
16948,245
68251,278
77392,248
54557,231
65838,264
58394,229
32298,238
12240,283
20563,250
13476,280
44426,283
71857,228
29946,241
77365,243
25256,243
60989,239
66936,247
35653,322
79941,210
66940,256
86182,261
78651,223
12260,266
94138,219
59645,231
54548,248
94244,244
80119,239
74515,217
7452,308
82743,219
18209,251
98511,251
23990,226
22950,252
18237,259
10008,299
29977,241
13431,266
40478,307
81336,218
20619,251
82622,199
33610,349
81455,243
8558,276
69313,225
87215,262
29873,226
68333,276
92949,229
33505,329
25270,248
37890,299
77314,235
26445,244
74574,242
12205,263
18233,250
96586,267
59638,223
82713,225
44347,264
77452,260
3758,311
65938,287
36691,292
77294,235
22964,253
7353,270
14555,250
19429,260
31122,241
84372,292
64717,279
50691,232
18227,262
86207,268
64842,286
22825,232
62764,310
28742,227
68145,241
4923,297
55914,246
62792,309
73192,227
3718,303
97626,255
68182,264
2496,327
75958,226
31157,244
21797,255
46776,242
4988,320
69564,273
56001,251
20556,255
94139,219
75849,214
68294,256
4942,295
6187,304
12194,264
92975,255
78556,200
39105,284
82639,207
76033,240
92946,220
66894,239
73272,228
19333,238
78729,240
17059,263
68245,263
31105,240
2603,329
80081,237
26462,247
24101,253
74557,220
10942,260
64742,264
64661,248
80158,245
8661,283
24136,244
70668,232
3780,311
19357,248
63744,292
50736,255
54578,243
73291,238
87188,238
70707,254
86142,260
86248,259
95390,217
44304,252
14627,276
80065,232
32237,231
95386,218
31020,220
45602,252
54597,244
49596,272
69400,252
69469,267
35553,296
40390,281
39154,282
10981,264
25323,247
85309,268
35517,327
78640,215
54615,244
82775,235
73241,232
81471,246
91713,238
72017,260
35525,324
80050,237
26375,226
81298,216
44311,252
2482,327
92950,215
91736,228
11078,285
14591,254
71993,252
16949,245
78570,210
71844,217
84387,283
48179,253
29982,240
89426,248
40574,308
5025,307
86228,271
83916,298
70638,246
74702,252
41688,269
75917,216
64720,260
12210,258
54568,250
67057,282
65946,292
67022,253
31087,229
90506,240
98541,264
90513,240
22993,255
26474,242
19341,240
69441,256
20524,244
99481,263
1388,332
73338,256
44315,266
46880,268
36839,316
34482,324
67008,262
49357,232
90545,229
57138,231
69291,229
71954,233
13473,287
19395,257
31078,230
12226,267
58371,233
68239,270
63812,295
42985,261
61005,256
31158,240
34413,325
14637,260
3791,311
72022,259
19392,250
69431,262
82685,208
12217,266
52186,257
68152,242
77364,244
16154,298
32317,238
65714,257
26381,230
53325,242
63621,258
55827,232
10932,255
66950,240
97576,283
67070,294
21791,255
6163,280
16908,240
66956,258
73333,264
68204,267
69355,241
27553,231
91708,228
88251,239
65876,288
78707,234
25145,225
86197,264
96570,252
65814,257
6216,304
14569,248
84445,290
92899,232
85163,253
33585,330
46943,271
62699,286
36696,293
13374,255
19325,243
81349,228
9861,282
64670,253
85187,254
62677,296
26422,234
66920,245
90541,221
19350,240
70814,269
27588,234
18124,239
82672,215
64740,265
62073,299
45595,260
90570,268
70563,227
65947,280
8571,279
82753,224
74568,225
14650,276
15848,267
60954,233
81282,203
2495,328
7435,308
6160,286
65897,286
90516,234
78678,235
9787,267
17052,267
87179,238
7404,295
91733,228
94190,233
67050,288
68124,246
60905,231
80029,234
3723,315
5010,305
8681,285
46883,254
44273,254
71979,254
80043,235
24112,246
19285,234
45580,259
69440,256
7401,291
19366,254
81374,234
21596,227
52001,234
70680,255
75964,225
76052,244
71938,233
45638,260
20587,251
15740,243
96589,267
70674,252
16989,251
25260,248
22862,238
86174,254
95429,220
21777,247
64621,248
62113,326
15785,253
37903,287
44272,254
9877,282
50729,241
31114,241
62696,265
26478,243
7421,298
45566,264
5004,320
18215,253
76023,240
42983,254
60838,213
18187,256
1448,336
43024,266
77354,234
87177,238
39190,303
84401,276
64689,263
20596,251
3652,275
53320,246
24105,247
80009,220
77317,229
13409,256
69335,226
74544,232
82617,200
63614,254
63701,301
64657,259
53203,226
76021,240
64718,267
77309,221
99448,233
89382,246
70657,250
95358,227
82642,209
90565,236
64647,253
16971,252
74669,240
3789,311
41743,285
79969,214
75934,218
28777,235
67098,275
78734,244
98434,240
97647,246
24447,282
91692,223
88328,239
95426,217
82768,231
67042,288
10976,266
78649,220
39135,287
31143,240
85186,254
66980,272
73202,230
80078,248
74631,239
18178,258
54616,249
73240,230
82704,224
26407,233
82608,201
25313,247
41708,272
92931,221
94324,266
99505,241
7437,298
82788,230
2491,324
83923,300
89388,240
12224,267
60945,227
65914,290
21735,249
44305,258
48169,255
15772,253
64705,252
1490,326
82668,220
62715,278
65764,259
93031,253
72038,256
34444,308
67046,282
2488,328
78689,220
71959,241
52023,239
2593,329
78600,218
34338,320
81412,231
57188,245
88267,231
82722,226
50880,259
50686,238
28764,236
35561,322
81332,221
82626,203
24145,252
8562,283
86227,267
87232,262
14664,276
71918,248
25223,233
15735,249
68089,238
63628,292
12274,283
26499,246
26460,241
48240,269
59640,242
67036,283
77318,229
97595,298
63633,302
88330,271
54573,238
64731,269
69549,274
75943,236
79985,216
81292,208
49457,239
59688,234
3719,303
94198,241
49540,268
9791,268
41718,270
12288,275
87253,276
8689,285
62726,315
53378,260
78687,237
40428,274
29961,242
78705,239
71897,226
48057,229
3712,303
64756,290
31142,239
7325,270
87229,241
27561,231
3766,311
91691,225
79947,210
1379,323
8736,290
82681,217
49466,245
79906,204
32268,240
40415,286
63697,297
77367,239
62681,296
44418,288
40534,297
81406,236
77290,218
41730,264
49516,266
57136,231
70743,268
91703,271
55870,240
82756,233
24152,248
25324,241
29854,221
95375,218
61109,246
70704,259
63760,293
16991,248
33030,213
77248,230
80004,225
62772,309
91743,244
4991,320
42994,274
39182,302
98516,263
29956,241
34610,350
84361,292
636,340
73334,258
78608,219
62116,332
81342,217
28819,243
14610,260
22902,240
50725,249
89432,250
46869,254
58556,250
87180,238
62675,292
17005,255
74501,219
7431,298
15800,251
69379,231
25252,244
86188,261
15839,267
45606,253
19334,238
71931,242
53386,261
31082,227
50872,267
74711,244
62817,310
62684,300
76020,246
62811,310
49494,251
86163,261
71977,244
14618,270
25302,244
78648,222
59680,232
44434,270
94102,218
62790,304
74603,236
77351,234
62773,309
65840,268
29881,227
92936,232
19310,244
41720,281
25249,236
68167,243
48144,259
86172,261
4954,310
65846,268
75953,235
69410,252
58416,230
95400,219
80003,234
52045,237
50722,241
19390,262
62687,257
69390,239
89357,230
77435,254
63835,291
73331,248
79979,213
11053,285
26439,245
22947,252
10982,273
74653,239
64701,248
62110,325
63751,293
19323,245
67037,282
7395,295
81376,229
92970,233
65898,290
26415,234
68208,259
82766,231
37923,294
32222,227
4962,299
81519,246
67017,289
79988,228
74648,244
62095,300
1398,323
78619,216
97583,297
96962,276
5049,302
17045,267
48166,248
35701,324
68105,242
19428,260
58437,238
1413,333
89416,244
28766,235
40470,306
59694,227
77370,246
89329,238
2569,329
83905,301
82594,199
92957,235
13486,275
67099,287
28818,241
21760,255
8598,271
27460,224
67032,288
17061,267
13618,293
83915,298
62774,305
3736,303
69453,266
9869,282
68074,230
26367,230
12273,283
18158,245
88405,258
46892,250
7414,298
28758,232
73239,236
62798,335
57144,237
89438,277
2522,300
8651,283
81404,236
33557,325
92893,216
62063,282
69329,239
11039,285
78718,239
59571,218
9674,265
81423,232
34483,347
40382,271
85214,260
7358,288
20537,244
19329,240
12167,258
90500,233
63764,292
88317,312
6156,285
70673,246
82693,212
8550,289
66996,264
32285,239
24027,241
32203,240
22957,248
19583,278
74660,242
32236,226
7356,288
19389,262
65916,291
22855,238
79957,211
32233,225
12241,283
83910,294
65834,257
90563,268
92992,234
21743,244
87200,248
22972,256
69354,241
16956,243
65926,291
49485,247
65735,234
64866,290
72061,270
1383,346
25209,233
2537,328
28804,240
84364,252
31129,246
1371,323
9807,271
66916,233
20767,281
87213,241
69455,261
69417,255
31042,228
64716,293
8551,290
24058,238
60968,243
70596,240
39131,284
97645,273
60932,232
69398,249
80051,235
36667,320
84404,285
7489,297
628,341
3686,323
75959,232
53305,233
63680,297
19427,258
87248,267
50776,254
18193,259
82758,231
72063,251
41760,272
82649,205
49472,246
68092,238
42955,245
92978,231
79965,207
8669,283
94181,229
93000,240
31062,232
82698,216
52058,250
7359,288
63573,254
70586,228
74616,235
60890,225
81274,204
80073,237
24131,247
15841,267
26458,239
50747,245
60914,239
68091,238
74676,240
18170,249
27565,230
12161,255
15833,267
68137,237
65819,260
82701,219
49458,245
60946,227
29993,242
13377,259
15819,262
12215,263
65932,288
28745,234
17039,255
94147,214
46893,262
94189,236
20614,248
57164,242
18135,245
77328,234
79946,213
69464,261
69358,226
25284,248
33578,326
75925,217
95418,216
9778,266
9844,282
34491,315
28778,238
71958,250
6135,275
2575,329
81419,233
89385,230
90566,282
6235,304
7399,303
58375,242
28773,247
46870,254
94154,217
31161,240
12152,259
90533,221
58423,227
22935,248
62797,310
27633,244
25193,251
26395,234
14586,258
44312,273
89463,260
45733,275
25195,230
50641,233
45594,249
91684,227
85249,273
64712,248
78638,228
77391,244
61037,248
36672,296
31041,229
82741,235
74692,255
75951,239
24168,256
63758,293
54662,255
64860,289
14672,276
10959,265
13366,258
12264,283
57153,248
25305,246
77247,228
65797,240
82632,210
93087,257
20507,240
70632,230
9825,276
28724,226
75887,215
81334,221
72024,267
57098,243
71926,243
39104,284
77361,234
99512,256
41759,279
92885,238
26479,243
82558,200
27535,230
82720,226
85201,286
622,338
81322,215
64818,301
24068,242
1350,331
84363,276
25316,247
71970,253
87242,261
22951,252
17098,264
26486,243
29978,243
62133,327
35430,281
70746,261
45661,272
31088,227
95478,228
71990,269
68112,264
66979,263
59696,243
12202,264
53294,243
26456,245
92968,240
62794,310
12198,261
26408,237
97683,257
6210,285
64757,291
7453,298
20598,251
63719,287
95436,223
74625,238
28725,226
94164,224
70671,248
25307,247
78634,215
35513,298
70702,260
25235,242
6147,288
73255,232
4918,294
82732,225
19318,239
82665,208
15854,267
75961,235
78741,248
36728,315
62139,285
84415,288
90585,239
87234,256
30022,251
65847,268
77451,257
11023,269
26494,244
60907,239
21681,244
91731,227
72009,260
50778,253
48188,258
78696,238
24089,239
9853,282
39174,308
65939,278
66983,248
68075,230
62065,322
77406,241
72030,263
26366,227
45645,273
32259,227
70730,260
55866,235
22854,241
78588,211
80019,233
73359,260
74655,253
32324,238
34436,308
62751,300
98540,287
44362,282
65864,289
80039,232
62793,310
32244,228
43040,290
94200,239
2489,327
77209,211
13430,263
20501,242
24083,246
15861,272
94170,211
45579,259
45582,255
9822,277
88397,259
82738,226
53317,239
16958,246
3905,340
65906,290
1373,345
94129,232
26424,235
85227,253
31040,226
62837,289
26343,224
95439,218
75900,217
94143,227
12174,259
86202,244
70710,269
65922,287
66949,244
87230,241
4875,272
85205,277
81301,214
69319,236
37907,274
26476,241
33594,348
84389,259
33586,344
25312,247
62705,268
32307,239
84187,210
91761,238
96987,258
73254,239
79893,202
48190,249
65924,291
68139,247
36584,294
62723,279
54479,225
82747,231
73248,225
57044,222
26428,235
33668,363
55861,230
78592,214
18234,262
82835,246
78721,240
20539,244
88313,261
59842,251
67082,289
74718,252
41704,281
25282,247
18119,244
58453,235
64819,290
74685,240
54623,242
13480,287
49437,240
39103,287
99535,254
44302,269
9810,269
64801,285
36712,290
70739,260
14571,251
24106,252
19280,234
60911,228
68198,267
42988,274
37834,279
62789,310
7415,298
15871,267
86139,260
14626,261
39238,314
81252,205
63676,286
63783,293
22923,244
39007,260
77313,226
32257,233
15793,249
64811,300
21710,245
21745,253
4959,295
98510,251
26392,228
39112,284
82661,207
28709,225
17003,253
58438,236
87227,242
7443,308
62736,300
59678,225
89411,244
79879,198
78713,240
82666,208
32219,228
70557,224
82593,205
11028,280
7398,303
80068,226
38002,310
55848,231
58411,224
15729,257
58427,243
6139,283
13361,258
98508,273
31047,224
75990,238
1453,336
69465,261
62718,315
15713,238
40430,290
64766,272
62710,264
40454,323
14584,254
65884,294
82689,225
37889,288
74564,222
90515,234
6183,299
77240,221
40427,274
50735,249
1391,346
1416,333
32306,235
71898,226
81415,237
50792,269
36663,319
8526,267
26471,241
619,338
87225,270
37915,289
84354,264
21798,251
74670,249
41879,304
70721,260
17056,259
3722,294
66904,254
68186,267
26491,248
83942,284
11024,269
57097,247
22873,234
24176,259
25208,236
8519,270
49456,244
65844,259
81277,207
68181,253
69471,278
31152,240
21752,253
34570,339
68232,278
74546,221
3728,303
9731,255
19288,243
69493,264
83907,255
62777,309
32265,233
11026,270
80008,221
81290,215
10955,256
68130,246
68246,269
24000,235
65824,287
64676,280
25280,243
64669,260
17044,267
97582,251
62652,267
62089,282
32315,238
68212,256
28729,228
48182,248
75984,227
86211,266
88312,241
99484,260
20478,256
9851,282
99491,252
86231,255
72027,260
32368,248
20576,247
82836,246
1380,322
25179,243
48138,242
21727,245
18196,248
22868,238
92930,219
82728,226
6194,294
71989,258
87186,240
54583,234
33007,204
95419,230
15847,267
81261,201
17038,259
11011,275
85216,252
41685,267
68214,266
3709,294
8606,271
29950,241
21680,242
69485,267
62701,296
55872,236
71905,230
29843,219
80002,230
53346,266
28714,230
92900,239
80028,234
22943,248
89394,232
31054,230
13399,256
49612,266
64758,291
70611,232
70603,228
69445,266
75871,211
92910,217
6213,304
8618,278
74679,249
32206,225
65978,307
39127,287
35597,331
22942,252
88310,265
17007,259
73252,237
45553,246
81357,216
50726,245
40439,287
67145,273
55831,231
90514,235
80072,235
15776,250
74649,238
68160,249
27505,219
29958,243
65920,295
72047,248
62795,310
70578,235
1365,331
64725,260
67064,282
58421,235
4941,295
73259,237
31097,233
70639,247
11080,285
66924,255
77385,239
14643,276
54552,230
60948,228
70687,263
21799,253
40393,283
59685,225
33617,350
8586,268
91783,236
55804,226
49474,244
36706,297
81238,200
95412,233
94122,232
90574,280
4939,284
88287,244
85180,260
34480,308
31112,241
78615,217
27566,231
52016,245
25281,247
8540,268
88227,237
80023,235
36649,311
60983,247
31137,246
26446,245
81421,231
91727,231
82717,231
28827,241
69351,245
44245,263
13397,261
24036,238
54563,238
69314,234
81294,208
84347,264
11027,279
78676,221
9812,272
77468,251
26368,231
77262,229
12277,276
3778,300
1445,336
40411,279
31002,223
7447,298
4951,295
71858,229
6130,290
9830,282
22836,240
27668,253
65851,281
74579,225
58444,247
46913,249
57139,241
611,336
1344,331
19361,254
19411,260
19308,242
85192,266
22901,245
78737,240
63826,300
74675,248
17000,253
46927,271
77378,246
26459,246
88249,239
72005,268
21784,252
7258,269
26421,235
90524,221
71995,245
35413,314
63842,325
79994,221
29914,232
81384,230
87217,270
60931,229
14693,279
11060,285
84378,277
73279,236
79983,222
62143,336
55864,232
24030,241
75901,215
22959,252
63688,297
50764,250
20552,246
48304,266
58403,225
91755,232
76018,251
27604,241
29944,232
44299,265
7335,299
28749,228
28820,242
4922,292
54570,243
21662,240
66933,270
66986,243
62799,305
18214,253
92979,231
27656,244
68210,256
30038,255
19416,249
31133,246
20509,242
3696,324
7430,298
73345,256
19373,252
82772,230
13479,287
95373,215
76042,258
75939,236
35549,320
78813,253
29984,240
18244,262
63691,270
36651,290
34440,312
82676,213
53295,243
99495,244
70570,231
78583,207
15867,259
94112,231
75837,203
92956,231
68169,248
20609,260
84385,270
91750,241
53211,227
69502,262
86131,246
74562,222
52194,263
18212,253
70690,245
49604,261
86129,250
18122,246
8605,271
29987,243
70723,260
82706,216
82782,225
63753,293
76022,240
50649,241
81411,242
97634,243
2592,329
14601,255
77215,204
27558,230
13389,258
85208,267
25308,247
32204,226
68269,283
36735,323
20545,251
31085,230
22859,241
6205,304
31006,220
24114,247
40447,282
14616,257
82754,226
77324,235
49465,247
15835,266
93023,244
71951,241
624,338
91709,229
59683,239
63649,274
62086,284
62727,315
31095,229
77359,238
43028,264
65805,240
20580,251
35546,307
14523,244
5005,320
58379,233
41591,270
63661,293
22892,244
6120,293
15728,257
28800,235
7450,303
59695,231
76030,240
34346,315
67002,269
7394,282
62760,309
78701,235
91770,240
7366,276
26383,228
70643,245
58580,256
62782,321
13478,287
97632,307
71882,232
88352,266
90488,227
69437,266
21719,245
98527,242
89400,249
78671,224
28763,239
51983,242
15859,257
25273,243
14512,240
41735,281
73375,247
62755,308
29972,243
37914,317
20529,243
90526,245
32245,226
57102,231
68191,266
65790,253
63770,289
77374,236
80089,239
67003,275
37893,275
11003,267
5013,320
82744,230
24153,254
22878,234
82736,229
62107,286
41673,256
37931,300
40526,286
75904,219
27536,230
79996,225
13421,257
25272,246
60919,221
9708,255
14594,258
32328,238
70589,236
75864,206
62076,280
77459,258
39160,279
62791,305
75856,204
90646,245
69375,243
76032,240
65909,291
53474,257
59649,233
77321,220
29919,235
65810,270
28771,237
18320,263
89404,232
71980,254
49341,231
16995,253
48232,271
20588,251
85185,254
26447,245
62781,309
62875,311
3734,325
37901,288
63787,296
81427,231
29945,240
74664,255
28856,251
63750,293
81495,254
41731,282
89465,260
18186,253
9819,275
89399,243
15817,262
92937,232
26470,243
75893,215
39140,280
2538,328
62088,331
26490,247
73207,221
69488,264
95399,229
73196,220
62064,259
12193,264
41751,286
26454,245
50896,265
20549,243
88381,257
64786,298
71913,229
75912,218
25321,248
86184,261
48073,237
78673,234
9756,271
65800,234
44309,268
20571,250
33591,332
15824,267
81309,207
9774,271
14673,276
62132,305
74524,226
15784,254
26429,241
27590,230
11021,280
70735,263
14679,269
25315,246
56049,262
27655,246
32329,241
63738,303
70705,259
76115,255
52075,255
79984,216
60938,228
70618,230
44282,270
84397,277
73327,255
63622,265
14570,254
36576,279
81244,205
25291,247
24141,248
60947,228
78736,239
62743,300
76061,244
62083,311
40542,303
6223,304
66954,255
94268,243
82819,260
14579,251
75909,223
62859,316
15789,254
68258,261
29850,223
6239,304
10965,262
80076,238
92962,234
78720,233
77395,243
50757,245
82601,202
1351,331
6176,286
17031,255
79925,212
42962,262
57112,229
79987,228
74680,245
8609,279
50784,258
16960,245
95384,219
84352,259
35519,287
58548,251
54622,250
90554,261
59762,257
7584,313
11209,299
78643,234
43027,271
70708,254
55863,232
63660,286
75975,227
63786,305
66963,255
99459,259
29135,279
32299,238
78646,224
14658,276
45571,259
89486,265
15767,250
37887,301
30165,262
91740,230
69435,256
94276,244
34402,315
15863,267
83895,254
54565,230
12248,283
22870,238
90601,236
65813,257
32300,240
53362,262
52218,278
8583,270
64845,277
31160,241
27624,241
71860,232
34428,320
9806,271
76026,249
92894,238
95448,229
99456,230
63728,288
85151,250
83903,255
5033,307
15777,254
46864,256
27567,231
9863,282
8663,283
60974,236
70604,224
44187,240
95410,216
82795,240
73422,260
50808,262
12184,263
28737,236
32302,240
21744,253
70633,233
18145,247
70790,272
63705,297
62831,320
77196,208
18140,247
1446,336
74530,215
74569,232
31204,252
9811,276
57299,255
3685,287
46901,250
78561,203
67010,270
14622,258
67066,288
94192,228
74554,234
24060,240
64778,281
18190,257
69421,253
73421,256
71966,247
80103,238
16996,253
60929,226
17058,260
58387,224
32198,243
17026,249
67073,282
7380,273
9860,282
35554,341
80097,234
67063,282
34474,365
82711,228
78654,220
20472,239
26487,243
57105,226
8641,273
69479,265
15751,249
79933,202
78745,235
89371,237
22949,252
27542,229
9879,282
67105,304
78758,239
28784,242
85242,274
62767,305
65756,260
95486,228
84337,261
87233,247
94196,260
94167,225
91730,234
12191,263
32243,230
13456,287
18236,261
81324,209
25318,245
69423,257
71906,232
71919,235
4995,320
7462,298
55858,240
68150,252
27609,241
49427,239
81237,201
41714,266
89344,216
15791,248
84362,267
55937,260
57227,260
13379,257
64721,261
9805,270
78641,226
79980,217
16950,244
25201,239
71985,245
44442,291
1367,345
68243,278
82748,239
84312,263
4879,288
25218,229
73340,244
86180,261
65758,248
4865,302
11045,285
42889,248
7357,275
19362,252
68122,258
68138,236
66928,273
63724,292
4886,278
60915,228
79993,217
53306,247
69344,244
59746,246
95442,221
61093,249
29986,239
42970,253
46967,272
17015,255
77281,214
7459,308
68272,263
63790,295
73260,238
70750,272
65894,286
6247,304
51915,216
95431,216
69449,256
13329,253
63755,292
20616,252
1454,336
75965,232
52098,263
53195,220
81360,234
6238,304
74713,245
95407,220
73170,215
4860,280
57156,239
70588,234
78797,251
96975,273
81369,225
92959,238
40417,282
62144,336
88308,241
52035,250
89421,238
49435,239
14595,258
62164,315
70766,284
82578,202
82718,224
39023,270
75880,222
69350,234
98535,241
29976,237
86164,264
55822,243
2437,324
73350,257
72019,260
21771,247
68106,252
48173,247
98462,235
31106,240
20648,268
21747,257
71891,223
16965,247
59770,253
28707,227
63810,308
54549,231
29998,247
31172,242
82602,202
50740,243
2597,320
50928,279
75916,219
61149,262
66879,240
62149,320
54678,261
92994,236
86214,245
52066,264
32220,228
2594,329
65791,253
98518,251
70726,263
73381,257
82687,215
13488,287
22925,248
71883,235
73282,234
99528,256
30030,250
64732,272
87182,238
92953,227
84379,279
46853,245
67015,259
62768,309
99452,253
44354,276
12229,264
24037,241
6250,298
4946,290
68309,286
8533,268
14683,276
14600,255
5007,320
82729,226
60899,229
29959,244
58309,223
45574,268
38050,311
88268,231
9881,298
81347,223
13443,260
53458,254
58492,254
31148,239
62700,292
64755,275
90529,233
21733,248
7382,273
75908,216
70661,239
62770,318
15849,267
77293,217
4965,298
84341,262
70642,251
76004,240
65953,306
97604,255
99487,270
82859,237
42993,258
81405,236
34486,309
19403,257
66912,242
4948,286
65784,271
65757,258
79956,205
6119,293
19412,257
39158,307
637,340
55854,234
70728,254
59664,230
2613,342
3799,311
35573,325
70663,248
69367,238
69277,242
99410,228
7311,295
82739,231
34421,320
74537,225
53339,241
27593,231
12126,250
28705,228
94183,241
82616,205
82663,212
3707,303
49441,247
74525,214
69460,269
6148,278
29953,241
50721,238
32318,238
77397,242
49620,266
63631,273
8575,270
70744,255
74645,254
69370,247
33600,346
25319,253
71930,242
81230,202
46888,257
63662,285
1360,325
8653,283
82599,201
74610,228
59667,229
18139,249
76039,240
6228,304
67014,252
9799,268
77360,245
35530,307
56041,262
91719,247
78703,234
74728,249
96963,242
6133,291
88273,249
19324,241
59668,242
97705,278
48216,278
90531,227
65822,287
78738,242
50793,255
65986,307
43048,280
91710,257
8611,284
92922,219
20624,250
95421,213
74509,218
81463,250
67054,282
19299,238
87189,238
71927,223
69412,254
35598,334
12170,259
64852,283
19440,262
4867,272
78591,213
65929,311
11067,275
74548,234
72055,251
14598,255
89431,255
18230,253
29935,237
33029,213
15805,252
62788,310
64696,263
71955,233
62693,309
68215,279
63762,295
12289,275
12279,275
31056,228
50832,265
81377,232
29999,242
78683,233
73303,248
2499,327
2543,328
97564,225
57219,259
85202,254
35511,286
69426,255
20542,245
88286,246
17090,272
73323,248
26477,243
57187,267
67069,294
66902,254
15814,255
9766,264
63616,272
87238,256
82726,224
80126,252
62639,267
49422,241
73244,221
6165,286
87236,246
66925,245
62753,309
69424,255
63802,314
12130,249
46856,243
86234,261
83908,255
36736,314
18206,263
15865,267
72062,251
53331,242
25210,232
21773,252
3732,340
97607,283
57307,257
69524,277
29876,224
19338,241
40433,279
71903,225
16926,250
77301,220
62754,308
65866,286
81289,205
32258,231
26398,228
75921,212
4989,320
15765,256
57128,232
82674,208
60892,225
39246,292
81232,205
13333,247
33697,349
29969,243
73365,257
47015,270
65736,234
39081,267
60953,232
33508,349
5011,320
63636,274
81348,214
70815,273
20589,251
69425,255
69305,233
29971,242
2502,311
77234,213
62658,261
18174,247
74543,228
76051,248
73212,225
79924,212
31113,241
83909,284
54654,260
94148,233
34475,323
8666,290
53280,229
53288,237
77218,205
62771,309
29899,230
84380,292
76024,240
65785,292
76082,262
74767,261
26380,231
46898,251
95406,218
6207,304
36655,304
69299,228
31125,243
35569,304
81345,214
78555,204
19410,260
31109,232
97661,271
2595,329
63706,306
45486,240
84391,281
71972,244
77333,236
18202,258
14563,247
15883,283
65829,264
31094,231
97457,210
65842,246
80040,230
80066,231
99511,271
31164,238
64729,270
69312,241
6103,274
95447,229
98474,245
73274,234
29990,241
33031,213
40431,265
11079,285
65738,252
21711,240
85161,253
87244,274
15792,249
9797,266
71956,233
25274,248
24067,239
24096,254
89352,233
91737,228
37883,296
87279,318
70701,248
78602,216
87240,246
74555,234
46871,258
86221,288
74727,258
67021,287
73227,217
69297,230
27629,242
77308,225
21668,232
82694,210
87223,258
54572,238
3731,309
35605,328
94177,227
80070,242
64739,262
64704,252
57275,257
11035,266
4934,295
36807,348
65839,268
78554,211
7397,285
64809,285
96966,276
77404,241
20530,241
24042,241
79922,201
40582,307
24118,253
19413,257
49492,270
70717,249
69439,262
77429,244
64710,250
68096,237
80021,216
50719,240
70761,252
79995,221
95445,223
77372,237
68168,248
65891,290
15813,257
64673,260
60990,232
95381,216
67084,283
27585,232
53253,227
77210,201
69517,261
78706,234
74529,221
34435,318
21724,246
53312,236
20548,243
39095,279
11016,265
1359,345
68256,271
63547,257
63699,291
65945,280
79989,228
25327,254
2523,301
14671,276
19415,260
74591,238
95456,231
77379,255
4915,298
71880,221
96584,287
27592,230
37906,303
65766,244
76002,236
45749,285
75928,220
91685,227
14663,276
29985,236
16018,293
8561,276
62136,341
33596,349
35509,294
29882,228
86218,265
74683,248
46768,237
74636,230
84403,285
64890,306
81285,210
82811,243
91766,259
95393,219
8557,289
7402,296
22916,250
42978,260
79970,214
68115,243
62096,299
95587,268
84371,272
66917,232
13499,278
99575,256
32211,227
64737,275
45610,260
68234,278
13422,264
64851,275
95377,218
74531,222
11008,265
59866,255
80134,249
13412,263
49459,246
68119,242
75973,238
96938,265
46896,249
94252,247
33580,326
65760,257
31102,235
73310,245
81284,215
80045,235
70711,254
73268,234
88256,243
70703,254
45596,250
78604,216
73164,221
18194,246
69394,250
59858,258
62801,310
25266,244
33008,204
28805,240
80174,250
87267,278
88315,269
8652,283
74580,211
80035,235
58408,233
86295,260
74571,220
34466,339
58293,215
84388,271
73312,243
15838,267
4958,295
82745,227
85262,268
94204,257
87260,278
82742,226
86171,261
63593,257
6206,304
81472,232
99489,241
20602,261
81266,201
29906,226
81390,235
21721,240
24073,240
79909,202
39302,310
41678,267
20525,246
65782,271
13343,251
12209,258
54556,231
21701,245
22829,247
81389,235
68048,231
9814,270
95401,219
81447,239
12222,269
62746,316
76076,250
1412,333
28811,242
28674,221
58385,226
33587,344
92898,223
77344,245
78663,230
88283,234
78624,215
65781,252
72001,246
57211,257
67052,294
72012,246
78569,205
58393,229
11000,264
76006,239
86177,251
97603,298
61013,250
77443,258
34485,321
84367,292
3790,311
85171,247
71843,221
89369,242
85233,270
18143,243
70653,239
86147,260
77382,244
63637,261
81308,208
64850,309
76075,243
79976,208
63715,304
6189,292
31180,250
88252,239
73382,255
13453,287
72029,257
73180,221
99543,273
10875,261
48225,253
91714,238
62672,259
21765,252
91769,241
70644,245
65880,271
33454,337
82796,230
27675,246
36648,286
39133,290
89362,239
74532,219
42977,258
82570,204
62762,308
63708,280
71952,241
72046,252
95454,225
29871,222
63766,293
77356,237
12157,254
62062,307
52009,238
77241,217
79964,207
75949,239
29963,243
27631,244
39150,303
71975,254
86191,277
97612,255
90535,245
82724,229
36720,293
26495,241
63571,274
17050,252
75988,239
83918,280
16943,247
39096,283
34459,324
50698,236
82664,208
72031,258
66918,245
78767,243
65955,290
25279,241
28810,248
4996,320
63673,287
15812,257
11022,269
99583,265
50756,249
75977,231
81440,237
62805,310
21740,242
85159,271
89457,254
78727,242
62134,327
62091,331
22919,248
19379,252
78789,258
33575,355
20613,259
63707,291
19326,237
73163,221
46843,247
78618,216
74734,263
68084,239
87221,241
45601,250
78620,216
18172,249
85179,271
60997,243
21741,248
42986,262
22874,238
29992,248
13388,260
94188,232
73247,238
27657,244
4926,308
73324,248
18109,245
80054,231
80069,226
4930,293
73226,227
82684,219
15832,267
21708,244
92941,223
16987,251
98480,250
85136,258
65885,290
82708,224
33502,339
52022,237
68257,271
31081,224
13440,287
24021,240
91751,253
32166,219
29908,232
74673,255
18243,268
28792,249
66909,245
69376,240
68114,243
27659,245
9727,254
15820,258
46899,263
85194,254
72007,261
86235,270
91677,222
15873,267
53319,246
12272,283
24017,228
12265,283
59693,225
15809,261
15850,282
39097,269
54595,244
94208,239
7405,293
72000,260
26438,246
63667,292
6166,286
3690,300
82827,249
81416,238
98542,241
53276,238
1482,347
94223,239
68224,277
81326,215
82637,204
27613,244
87303,273
26435,239
85164,253
70716,255
74549,234
68098,233
78627,217
81302,211
53281,232
18134,247
49452,256
82690,215
74686,254
66960,242
65886,290
36815,344
20620,251
66966,254
70718,277
70592,243
26396,234
54609,239
90622,254
73201,230
71921,238
96946,302
69322,225
41736,269
65907,290
3776,311
88296,259
4938,293
54638,264
77420,243
82572,202
28722,227
27581,229
84382,292
44313,263
73286,245
8637,283
24069,240
70685,247
95441,223
7441,285
53303,237
89386,232
78670,233
26450,249
70731,260
32344,242
13381,257
66948,246
42992,265
44283,257
33579,326
73204,241
95462,225
99465,254
89392,241
7390,273
63727,288
68213,263
2562,329
85207,250
77201,211
97575,254
73228,222
10987,267
9734,264
87198,268
53394,259
27620,238
18154,245
99520,256
12228,268
55754,222
22965,251
92925,219
58363,242
4982,320
82714,219
8466,267
19420,260
90539,233
49426,239
9783,266
65848,268
14614,255
70624,238
54555,248
99591,259
8613,282
49443,247
10992,264
38018,323
63730,282
59723,234
94110,212
94162,226
71912,237
43136,275
85212,286
35556,307
43023,259
27519,227
64844,283
68159,238
51989,233
27605,241
29940,243
91682,227
89419,256
25217,227
13484,271
10998,265
77322,236
53482,266
20506,243
37850,287
73352,250
82614,204
14680,276
5021,320
67038,288
85245,273
53315,246
28741,228
43022,259
48193,252
6200,304
89373,237
8559,276
91791,240
76106,257
82703,227
65830,264
31154,240
27597,235
29921,232
63789,298
67045,282
9833,270
27544,226
27607,236
2563,329
1387,319
58392,230
92986,237
70672,255
55816,243
83912,293
62763,309
74759,264
91667,222
620,340
3726,303
88274,240
13470,287
8564,275
54718,253
55839,231
3642,303
82670,206
45564,247
66888,236
66994,266
67091,270
89364,239
15752,247
2568,329
69459,257
35572,329
54734,253
8538,259
64745,268
34465,321
74609,234
58398,242
32280,242
26414,233
35512,298
27625,241
18246,259
77383,236
21790,253
1339,332
65722,244
55855,232
77357,243
82653,205
52030,238
62124,327
8556,277
84402,271
81354,212
19292,238
16859,235
25203,234
45556,251
25267,248
31128,246
34602,320
62745,318
15864,267
32241,226
65921,310
68172,258
75870,208
27660,252
73220,231
27509,219
63765,293
62650,264
91748,229
21742,251
36702,330
83811,213
9868,282
71971,244
86167,260
32296,238
26506,246
63693,297
28812,240
29903,227
50741,243
11034,264
69369,247
73302,247
37898,310
97589,284
81297,215
26413,233
64837,300
49477,247
73306,247
34506,355
75942,239
15825,267
89441,260
82680,209
8578,268
99445,238
15759,249
70664,241
73172,215
74577,226
7409,286
26389,230
19434,258
69548,271
78723,240
87237,256
43080,283
69492,286
21750,251
90550,243
87187,240
25171,228
95539,231
12285,269
40423,286
34477,319
69480,264
52011,237
96917,253
46920,265
24085,247
11005,266
89391,261
55891,238
77296,235
7423,298
76040,240
88247,237
85220,252
21787,250
59730,263
20550,246
53326,245
39147,286
95434,226
39145,286
78534,210
39101,280
86170,239
48181,249
14642,276
21726,242
88373,261
94163,226
20555,255
85168,253
58429,240
52040,245
81496,250
31151,240
73307,247
95424,216
50718,239
62108,326
76010,260
77337,233
41727,281
2584,329
81503,255
62670,268
69446,259
62821,304
29897,226
69405,253
62138,327
71830,225
62052,305
32288,235
9779,276
70601,237
75891,227
25216,235
13546,278
13465,287
36699,292
78773,253
69486,265
53466,259
10930,256
34451,322
37853,285
6208,304
39094,280
22969,251
39141,280
70600,235
28806,244
60913,239
35568,296
31055,228
15853,267
27683,253
45600,255
69451,256
69442,256
88307,241
24110,253
77250,217
69462,264
60908,228
46894,262
81299,214
50743,245
82716,223
90536,248
3701,294
91702,244
2586,329
78632,225
19426,258
86209,258
2514,301
75947,243
53311,235
69382,235
17006,255
54581,234
20541,246
65780,264
80056,230
98513,240
63613,259
70729,260
57165,235
18173,248
71981,257
78726,240
92935,244
94149,234
95411,236
73281,237
6246,304
87245,274
74647,253
64751,264
24019,250
7481,289
3744,325
59754,247
55953,255
20562,254
65961,309
22929,255
65823,287
84399,285
43007,268
78742,244
28830,240
70647,250
82623,207
77373,243
31196,246
91746,230
67025,274
74659,239
60963,240
69306,239
71836,223
55832,231
12284,273
55869,233
24109,253
69337,231
26483,247
53498,273
67053,284
77272,218
12208,264
50687,238
74618,222
88304,237
46860,254
14659,276
13454,287
41839,286
75957,226
71850,219
58596,260
75933,221
12182,265
36799,322
29962,243
82725,231
84463,263
927,238
48296,272
15815,259
49403,239
62148,310
49532,267
75929,216
24092,248
32275,235
26404,233
99485,264
57121,229
67138,282
88257,239
52039,236
58419,234
21704,241
68111,253
33582,363
84335,249
25322,244
63739,292
26419,236
86196,252
69338,231
52051,248
18099,232
76044,246
64640,253
20494,242
78749,241
79901,206
48344,276
19380,262
19317,236
18245,261
73321,244
62810,310
91701,231
1395,334
15769,247
81432,237
39142,290
57130,225
59679,232
17209,280
6159,286
7383,273
88284,240
6134,283
71923,227
22927,248
68326,272
43184,308
77298,239
48183,248
74563,222
49486,250
69334,253
19381,260
27564,236
54593,236
68216,277
14641,276
35522,307
64723,274
94174,220
72008,260
65749,251
95463,245
52029,244
69416,255
6151,286
22962,250
26484,247
44318,263
64800,285
49439,262
86149,260
44310,252
2498,300
82773,231
62812,310
14661,264
82730,226
39137,286
78743,235
94105,231
36687,317
28832,244
56025,258
10968,261
48224,268
73325,263
91759,253
68301,283
82779,237
33558,335
71864,227
28738,229
70529,229
10960,265
76045,249
74560,217
49464,246
62077,272
32320,239
7455,298
50742,245
65852,282
7340,275
3711,303
78730,233
77295,235
15846,267
58400,234
72069,268
2585,329
62069,322
64706,273
11058,266
9771,275
26464,247
86153,263
97596,298
83914,299
88282,234
80015,235
18249,252
82677,208
73287,241
19417,260
29867,230
46911,269
68184,258
12230,269
70627,229
8662,283
68132,246
90630,252
41775,289
27638,244
2504,299
70571,231
78611,214
75918,219
66997,256
63700,279
65750,244
40420,265
65900,291
9772,273
21811,257
63781,293
71943,238
86206,244
91707,228
21789,255
19365,242
8622,283
50711,243
86271,274
35566,287
32310,238
65783,271
22977,251
73195,219
26530,259
1437,336
14606,255
62776,309
91672,208
37899,284
82789,236
25288,249
62079,272
70798,269
25286,245
4925,294
28762,234
6236,304
25485,274
17014,255
12186,262
88323,262
68242,278
45587,250
57283,252
69458,261
91741,231
31066,225
69466,261
4913,295
66947,248
26500,246
96580,263
82709,220
25228,231
64715,272
6361,336
57101,232
90577,239
85277,288
9866,278
69307,228
81262,198
83889,267
72013,261
40311,263
58391,242
15806,253
11040,285
32322,239
25191,232
78628,216
62742,281
44314,260
81368,226
20558,261
63644,275
14649,276
32234,226
82646,202
26463,247
77271,208
70641,242
95417,224
88318,271
22861,237
79949,214
62094,279
27646,244
82757,231
32312,238
54571,238
25300,247
12280,275
71986,245
70712,276
31058,224
49501,255
28813,240
66971,254
19307,241
76037,247
13469,279
69481,261
85184,254
19282,236
13420,262
66951,240
94228,237
88224,238
18181,244
94284,237
21673,244
73294,244
81433,231
14678,271
49425,247
73185,224
77225,206
7292,265
65816,243
1430,336
77475,252
39015,258
26423,233
52041,245
75960,235
85241,263
76008,242
42905,265
88259,239
67007,265
46850,244
39143,283
24078,237
92955,227
41726,264
77428,246
27615,241
69406,249
70637,236
40399,278
64835,284
85190,266
70543,235
11052,285
49628,287
62786,310
98532,277
58484,258
6188,279
89550,277
60952,224
29888,232
53273,234
87257,252
39130,284
36641,319
50763,256
69298,228
19404,257
84376,292
44331,270
44295,258
31110,241
22909,247
62761,309
53302,237
22967,253
7343,301
1414,333
29883,229
98503,251
54554,233
80011,216
53318,234
28715,230
81344,216
91725,228
92969,242
89396,232
74607,228
49471,244
25298,247
69461,266
99513,243
95435,221
89415,264
63638,269
18223,253
28702,243
18213,253
81479,245
85203,254
77249,217
27608,241
65744,234
28796,245
69463,261
96992,272
87224,262
85215,263
90568,234
69467,261
32252,230
15827,253
4935,295
15840,267
81325,209
77376,239
99471,249
2545,328
82759,233
62122,308
69343,244
84405,272
26461,247
40446,286
21734,250
78667,220
9854,282
25257,233
9874,283
18133,237
67040,288
6125,276
74592,221
95425,217
53307,240
7454,298
92889,213
79930,202
18167,242
45653,275
81259,205
52082,269
19396,257
67041,297
68318,272
22906,243
78675,221
74595,236
12234,283
82682,217
54602,246
65896,290
78528,208
78599,213
71884,235
80159,250
81431,238
46904,256
70775,257
22973,256
86155,260
18157,242
79960,225
91681,226
97606,283
77242,208
90555,237
78750,244
20499,241
49484,255
7388,273
15862,267
28761,235
78578,207
68104,240
20565,261
68090,238
12308,269
49430,238
88239,235
26374,227
6221,304
70722,260
18141,244
13432,287
20611,261
75863,211
41710,262
62843,306
87263,268
96583,254
73295,242
70700,248
75873,205
20518,242
63775,293
55829,243
32277,239
7451,308
18147,250
63717,291
85177,254
14537,247
67012,287
1349,326
36711,310
24108,253
3715,303
77239,214
84357,264
37763,277
74596,235
73216,239
77307,233
62678,260
13385,259
8563,277
66939,247
64662,249
71901,238
32323,238
65743,234
8646,283
69495,262
19414,250
72006,257
25271,238
63736,292
40361,269
68264,271
41715,270
9789,266
53347,237
42987,274
51988,236
30991,220
17046,259
90491,233
54547,248
68219,256
24045,239
62695,263
2375,332
32278,238
24149,248
16941,244
74552,219
15816,259
86187,239
81318,217
64843,283
82695,212
62137,332
80053,235
68147,246
70682,253
32326,238
14582,256
8610,293
57095,247
62800,309
37852,285
8645,283
43025,261
24303,266
12287,275
78672,234
32309,238
77399,236
64727,270
13360,258
79981,217
21670,241
86247,262
18179,244
81260,203
43001,266
90549,233
22879,240
12183,262
68097,252
27576,230
18180,251
25232,234
26453,247
39149,286
32639,279
14617,265
91723,238
50769,248
4917,294
39175,292
74615,228
97668,284
24028,238
18273,270
73353,250
69271,229
11064,285
82735,229
84416,289
81330,209
41847,303
36634,306
95420,225
36710,311
65809,264
8644,283
13369,246
15702,234
78686,235
72093,253
22877,239
98620,272
94176,228
70645,245
21645,232
98588,280
94146,214
1327,343
65853,287
19349,244
62664,259
74522,225
75985,229
24147,249
31135,240
34514,356
64709,269
78702,237
7391,273
80182,250
77319,231
69397,245
68121,258
73339,244
1406,333
7433,283
15760,249
72015,255
63617,254
49644,277
64733,282
20568,260
60854,216
73156,229
82640,208
50761,245
97616,257
52031,238
69385,253
87199,251
65774,252
13336,252
79971,213
70727,263
22831,247
85239,268
65994,307
73242,228
11090,298
14576,254
61117,247
82787,238
58317,220
59697,243
46849,244
60972,240
63624,272
68083,239
14701,280
68136,245
36631,305
82662,208
57103,247
99402,228
13425,264
74658,247
87195,275
27654,242
18146,251
25268,248
54646,264
73373,251
62123,327
91732,220
66965,273
39139,280
96955,238
605,336
80061,236
95461,234
73309,254
46891,249
34438,312
92883,226
98597,255
73316,247
1352,331
2530,300
88349,289
26485,245
86239,297
64752,268
32246,226
15727,249
92924,224
39254,308
28770,236
62057,293
66911,244
13459,268
90561,236
55847,234
28828,241
12177,255
62683,292
4975,320
37938,320
89427,246
81281,206
6214,304
2583,329
13325,248
19356,246
1444,362
66944,257
86145,242
73257,236
41745,288
20510,243
50730,254
59648,233
80007,219
18183,256
63723,304
77327,234
86168,267
76003,235
70565,215
68295,271
63640,302
78699,234
15781,253
59663,230
35548,307
62822,314
58460,265
46868,262
65865,281
2503,330
97660,291
76012,246
81316,204
81268,204
80075,238
9852,282
80111,239
63726,291
10975,266
70609,250
34507,346
12266,283
70738,262
74726,260
37886,301
37909,300
62716,275
62118,327
94150,214
86162,261
26291,226
34481,308
29980,242
80062,236
46854,247
16918,244
81353,214
34420,303
81333,221
37779,271
60960,228
89449,251
82780,241
73308,240
39146,281
81340,213
20534,246
99529,237
20603,259
77269,224
3703,324
51993,234
1384,346
5022,320
71852,218
95428,224
59715,240
62659,261
21767,247
74687,248
81457,239
35520,307
22953,248
63834,288
28797,244
85217,252
16904,235
49414,239
68175,257
77483,250
75968,230
34443,327
62130,305
75937,230
55993,250
69501,264
76019,255
80095,244
12201,264
94171,222
74599,237
26432,240
74538,215
86225,247
58301,212
32297,238
59834,252
12263,283
20502,242
90537,230
57291,253
70650,248
9764,266
84386,270
14553,250
15798,257
81358,229
48157,248
73413,260
24123,252
82607,202
78572,209
24084,246
31070,230
24065,240
44252,258
75896,213
29916,233
73218,231
21788,256
22956,253
19398,262
74654,251
69518,259
4950,295
8565,269
65762,287
2528,325
43029,264
32184,217
77390,246
88299,244
68068,230
66998,256
9837,282
16980,254
69352,248
18150,248
2515,301
17063,267
19382,260
95415,216
80112,240
73305,243
67013,252
88289,249
44281,273
64679,262
55877,232
46900,263
41528,250
52025,236
65773,236
78623,217
67016,259
74682,255
65878,271
29884,231
62706,267
6118,291
71824,220
20581,257
94178,227
71942,241
85195,254
94220,240
63818,309
64643,277
86192,262
44323,269
75993,241
36664,301
72025,260
81392,231
68081,232
6179,294
65765,245
50912,282
63756,292
75911,216
62669,262
6171,290
13461,279
13487,287
9897,281
55845,236
73194,218
63663,276
80142,248
85178,254
82650,208
27699,254
89372,237
70665,239
36709,311
59660,222
89390,249
28781,247
73342,258
24102,253
77274,215
28798,244
55874,243
64743,275
46886,250
68199,269
92939,217
68103,243
10909,253
74642,238
80017,235
78751,239
70649,249
18239,265
22830,247
19402,260
79931,225
11071,285
16964,244
13441,287
82673,215
60998,240
65869,288
89402,243
25241,238
68076,241
97574,297
48336,288
29889,224
49588,263
90562,236
59701,238
82610,202
20517,242
71992,259
91706,220
8590,270
35570,303
27669,252
75865,204
70595,236
3798,311
20492,241
14667,276
24104,257
74662,257
78658,214
58378,228
63779,319
6230,304
49434,239
43033,257
13373,264
74629,226
87151,261
59662,227
5019,320
12132,249
65752,237
97599,283
96947,257
81315,203
2546,328
65811,258
68120,245
6258,304
82592,200
6115,274
5003,320
41680,272
32331,236
62627,291
78610,209
11014,265
67106,260
85162,253
12271,275
74674,248
69392,257
68151,243
35564,303
53296,237
64713,248
76014,239
88280,249
27622,244
31132,239
15717,239
11075,275
70635,238
62737,309
96597,284
7351,271
21782,252
7445,298
55862,234
17019,258
13433,287
86201,258
27596,236
49450,247
41689,264
21728,245
48154,242
12281,283
55898,238
60962,230
73234,232
90575,252
48149,248
53354,264
63794,309
19316,241
36847,324
86200,259
22893,240
78547,204
86179,261
26340,223
78719,240
29938,242
69402,252
14519,238
99403,228
19309,238
71866,223
66893,249
79955,210
90530,233
68143,241
91697,242
46935,273
18166,251
30007,248
76068,244
24094,253
597,315
62146,306
74671,244
25292,247
1405,333
86210,253
39262,317
18126,244
77368,246
631,343
73188,220
64748,269
94095,214
8623,283
18221,253
62078,272
65826,261
9847,282
65930,287
22796,231
6180,292
19377,246
62115,326
84381,292
14656,276
82750,233
26468,250
62720,315
63743,292
95398,228
25477,266
78728,233
53450,253
65908,291
73313,243
32178,217
17064,267
86242,270
9889,288
57089,247
94184,227
36694,289
13463,287
17040,255
76107,266
45630,271
11076,285
44179,243
80150,250
11013,266
73290,248
44378,275
32170,219
3692,325
55853,236
54670,260
89393,239
32276,239
73322,248
47047,287
40391,276
64695,263
77329,221
74600,223
15938,276
67090,289
81270,208
79907,204
24128,245
65901,295
21757,254
6218,281
74587,221
1397,333
57104,247
74691,255
73232,221
7355,276
89366,250
70602,235
63709,291
22963,256
81337,216
13475,266
77222,208
17018,261
94168,227
32314,239
81338,215
80151,253
13356,246
82719,228
80041,230
90548,233
53279,235
73311,255
86194,259
31065,230
62663,266
91712,227
24124,250
77312,222
635,340
36666,320
64654,248
35571,329
19384,263
35526,296
36692,292
75927,220
35574,307
20618,253
94130,232
91830,251
77338,233
24146,254
75974,237
21718,241
79873,200
95385,218
88303,247
94127,216
14657,276
24148,249
77226,205
86256,274
13457,287
90538,233
94175,230
73367,260
81267,207
14619,270
63704,297
66934,270
70629,242
89424,239
68203,267
87190,238
91735,247
70677,234
92928,234
22985,255
14655,276
72004,246
3678,323
48151,246
28816,242
21792,249
92933,224
69444,271
59670,231
68108,245
8582,270
74657,241
75885,214
76074,262
58370,242
15808,261
52032,245
44303,252
24099,249
48174,248
95409,216
71976,251
22875,236
69336,240
13390,260
69470,264
18250,267
37859,290
19374,260
75981,242
75940,223
10967,261
98502,249
97581,251
94137,214
37930,304
62676,271
82657,207
18392,271
35406,297
24062,241
66988,260
77345,245
27662,248
55884,237
95446,237
35518,322
4997,320
18257,267
17042,255
74643,243
40413,266
25283,248
60922,226
2571,329
52046,247
58446,240
91747,229
8513,265
3629,287
6140,299
70740,260
71892,228
1343,331
44297,261
96926,274
50707,242
81339,218
90560,237
34308,292
81306,210
19340,244
78664,219
62725,300
13477,275
22940,253
68125,252
75903,230
52012,251
95470,228
85218,244
27614,246
73284,236
87210,241
34469,326
52090,257
15780,254
31116,242
74553,221
64734,275
27652,245
52053,252
22844,242
78759,240
3747,341
90564,241
52106,265
62765,310
3781,311
63761,293
62103,330
78542,211
95392,219
36647,319
70625,230
82669,214
28793,247
70616,237
64700,265
67024,288
66992,248
86166,258
89363,239
81465,234
29994,240
60966,232
25314,240
91705,238
29875,229
87367,268
35542,301
62135,327
48180,249
99498,252
74604,236
62830,289
45725,269
6142,285
39031,275
70594,236
68205,258
40407,286
63797,306
28825,248
73368,252
76001,239
24090,242
4909,307
591,335
77303,227
9862,282
71984,254
31049,224
64681,266
73299,249
67089,282
60939,227
15783,249
62775,305
33592,345
81435,235
2519,327
16936,246
29927,235
91698,228
68154,253
74672,255
91683,228
66987,255
75889,222
82875,248
1363,323
62682,262
68341,278
59691,233
34439,312
77237,215
69476,263
74663,257
32253,231
67059,288
91745,227
4919,290
29929,233
69325,247
68226,260
74540,214
85138,237
26427,238
27584,234
99482,263
54589,244
81449,235
54774,279
29943,237
39014,275
65787,264
95433,210
64722,273
70693,248
88278,253
55871,236
16999,253
63745,292
80010,219
41744,264
22842,233
64898,307
32292,240
73193,222
74681,255
77421,236
90556,227
22910,246
64728,270
75989,238
8567,290
77300,230
9723,256
6231,304
31090,232
31063,224
94152,227
96575,266
72053,269
57158,236
57203,262
14674,276
90606,245
639,343
29890,230
46912,250
32336,241
29995,239
32291,240
12233,283
12137,254
15875,260
1431,336
82710,229
58386,227
31072,230
25164,227
28817,240
12257,283
82631,205
32261,232
98485,228
25247,239
88319,248
59665,230
69516,269
73304,242
65895,290
65867,288
40429,274
74758,259
29868,243
51973,232
94197,235
92964,238
62703,259
87161,259
13424,264
86198,261
49493,248
22890,244
8631,283
1407,333
63672,285
60950,231
87288,263
28753,234
62072,299
28789,247
20605,251
62660,285
90517,234
70628,233
77233,216
41691,286
32308,238
44195,255
85191,261
99536,256
95444,219
35565,318
13367,258
20604,251
15872,267
63689,297
77217,205
62719,315
82624,224
72045,259
14560,250
4893,278
65889,298
2531,300
7389,273
49442,247
89410,244
10996,266
78710,237
94182,230
26488,243
33604,346
9871,282
25242,237
77403,247
23994,233
82733,229
92901,239
78674,227
86208,278
88327,247
92921,230
24142,250
58395,229
41738,288
93039,251
79972,215
58362,242
20592,259
71944,237
69443,256
95491,233
75972,229
2539,328
81408,236
18127,241
64697,263
34363,316
6167,286
48175,248
78821,245
10979,262
78655,225
53333,245
25220,232
62784,309
81314,215
27630,244
69468,256
74696,246
81386,232
66976,254
77284,225
1334,343
67077,294
28999,271
96942,257
17004,255
2511,301
65804,263
69450,256
86195,259
19430,260
71924,227
81403,234
66959,242
19278,235
74516,214
28833,245
9769,265
55882,237
94155,212
35521,307
64692,270
78577,200
27663,241
84498,280
19315,241
32201,223
34462,321
49349,233
71870,242
58508,259
79929,210
21946,270
68249,280
2578,329
69428,259
86181,261
24139,252
9865,276
71997,253
33554,335
58402,226
65832,287
35446,307
63703,297
42913,271
74695,255
66993,263
78698,234
32439,260
22924,247
28701,230
29948,241
59716,246
54587,239
53268,235
24137,249
45604,259
26452,239
12178,262
64684,263
62099,298
62783,305
24046,239
88255,259
12162,255
19408,252
25211,232
77377,246
70659,232
7439,298
85256,273
62689,276
54639,252
99504,256
92920,253
69541,274
29939,241
68262,264
2432,295
19432,255
79908,203
99460,259
66908,234
67076,294
78688,238
82692,211
39102,289
32188,238
72010,246
81341,228
89446,259
75997,238
68140,245
14629,264
86250,270
84373,292
77202,208
34412,303
92917,219
6168,286
57028,218
69389,245
89442,245
88281,249
80037,235
2481,327
85182,287
64838,277
70656,239
618,338
54766,263
68135,247
65923,291
21703,245
75919,220
41863,305
66943,243
22932,254
89434,252
28802,242
74573,215
15761,247
70614,253
24005,248
73341,257
27580,231
82727,229
3765,311
68252,278
36698,295
58415,233
40381,265
62740,314
86335,288
7347,273
71946,233
63641,259
31111,237
39166,313
64686,262
73261,241
85181,280
31127,246
96914,266
99473,254
35669,328
68116,243
22933,248
79915,207
7428,298
54599,235
75877,216
70577,221
81402,234
62832,323
90540,221
74720,243
69432,255
48320,265
63843,291
89433,251
2565,329
62728,315
78595,207
63776,293
74517,217
71987,245
44322,282
73231,231
70724,255
97588,298
15876,268
68263,271
36668,320
62769,309
73315,247
12200,258
62690,261
65879,271
69320,239
6220,304
69391,252
87154,237
50824,265
28747,229
8667,283
70760,255
71872,221
27573,234
16975,249
16981,249
79953,225
11061,285
59633,242
44346,278
62735,300
28688,233
64749,283
57114,229
70585,226
11010,263
33599,346
6164,288
95430,224
27667,245
62093,331
91760,229
6110,274
70799,280
62119,327
69383,236
62645,255
22895,239
54726,254
70573,234
84398,285
45570,259
64826,302
67129,269
22908,250
66973,260
20564,250
80104,233
67055,282
31121,241
44332,272
87228,237
65815,248
68195,268
65919,295
8599,271
9838,282
77230,216
50733,249
63601,258
76114,249
95459,231
29955,241
28670,223
9831,282
73414,260
40421,265
81317,217
25275,248
32262,233
18189,246
68317,267
43160,320
79900,205
87271,258
92881,219
58412,243
24144,246
77304,225
27648,244
89462,249
10966,272
65807,243
37858,282
65875,290
69330,221
41716,255
18195,250
27616,241
28757,229
20566,261
21720,246
13359,258
36701,303
59874,255
18232,267
66919,245
54510,233
74584,230
34467,324
4998,320
74489,221
19322,241
87274,279
9794,275
63671,293
29947,241
69433,256
62759,292
35510,296
71934,236
29904,231
12258,283
65843,259
73349,252
86124,246
62126,327
73358,263
75924,227
69411,252
97690,265
68155,249
27645,246
18281,263
81397,235
66895,241
92892,226
78642,234
17066,259
58417,236
67137,287
81275,206
65993,279
63696,297
22852,235
59708,234
63692,287
37862,300
66903,254
75982,238
86098,246
82654,203
77353,234
64883,281
70608,232
25219,234
82805,231
95440,223
3595,313
1368,332
18094,243
82648,208
82584,204
32290,236
62625,286
87181,238
26391,234
81283,207
85253,262
60916,228
11007,265
69342,243
78691,234
78616,215
64769,274
17029,259
49524,268
2576,329
32213,227
22941,252
69438,260
58366,231
51931,229
97633,300
24091,239
60912,227
80166,239
31098,233
29968,241
7367,276
78563,204
34347,305
63788,306
8500,256
54567,235
97620,253
95427,235
3759,311
49508,274
64655,259
82721,226
70733,260
4908,284
52027,248
96991,297
90551,256
66964,247
97610,247
77258,223
80079,243
27582,236
68144,247
31136,240
21687,233
6224,304
66887,246
69407,252
59647,242
25231,237
14609,260
78680,238
92908,227
28780,247
66866,243
89395,232
67043,288
14820,294
37905,287
91762,240
62081,307
97600,283
68158,244
69477,267
91720,233
70715,255
69429,265
75955,228
20515,243
1386,314
20462,241
63600,243
88295,259
73223,230
21793,252
77352,234
94153,217
27559,227
71991,256
77330,226
98514,248
77340,235
12292,293
97614,253
92927,232
69346,254
2587,329
77208,213
49509,255
89422,249
1404,333
2483,327
81371,234
81351,231
82577,203
71907,236
81380,235
13455,287
68218,260
45614,252
42975,254
50748,245
70822,272
76034,257
25259,242
8607,271
20469,240
94172,223
35550,301
62060,327
74495,214
39198,307
33560,335
39294,313
69430,262
15860,267
25224,236
26482,243
86176,267
4932,294
82645,204
