PROVINCE,DISTRICT,POPULATION,2020 14,2020 15,2020 16,2020 17,2020 18,2020 19,2020 20,2020 21,2020 22,2020 23,2020 24,2020 25,2020 26,2020 27,2020 28,2020 29,2020 30,2020 31,2020 32,2020 33,2020 34,2020 35,2020 36,2020 37,2020 38,2020 39,2020 40,2020 41,2020 42,2020 43,2020 44,2020 45,2020 46,2020 47,2020 48,2020 49,2020 50,2020 51,2020 52,2020 53,2020 Total ,2021 1,2021 2,2021 3,2021 4,2021 5,2021 6,2021 7,2021 8,2021 9,2021 10,2021 11,2021 12,2021 13,2021 14,2021 15,2021 16,2021 17,2021 18,2021 19,2021 20,2021 21,2021 22,2021 23,2021 24,2021 25,2021 26,2021 27,2021 28,2021 29,2021 30,2021 31,2021 32,2021 33,2021 34,2021 35,2021 36,2021 37,2021 38,2021 39,2021 40,2021 41,2021 42,2021 43,2021 44,2021 45,2021 46,2021 47,2021 48,2021 49,2021 50,2021 51,2021 52,2021 53,2021 Total ,2022 1,2022 2,2022 3,2022 4,2022 5,2022 6,2022 7,2022 8,2022 9,2022 10,2022 11,2022 12,2022 13,2022 14,2022 15,2022 16,2022 17,2022 18,2022 19,2022 20,2022 21,2022 22,2022 23,2022 24,2022 25,2022 26,2022 27,2022 28,2022 29,2022 30,2022 31,2022 32,2022 33,2022 34,2022 35,2022 36,2022 37,2022 38,2022 39,2022 40,2022 41,2022 42,2022 43,2022 44,2022 45,2022 46,2022 47,2022 48,2022 49,2022 50,2022 51,2022 52,2022 Total ,Grand Total 
CABO_DELGADO,ANCUABE,"159,340",0,0,0,0,0,0,0,0,0,0,0,0,0,0,0,0,0,0,0,0,0,0,0,0,0,0,1,0,0,0,0,0,0,0,0,0,0,0,0,0,1,0,1,0,0,2,2,5,24,5,2,3,0,0,0,0,0,0,0,0,0,0,0,0,0,0,3,0,0,0,0,3,3,2,0,1,1,0,0,1,0,0,1,0,0,0,0,0,0,0,0,0,3,0,62,10,0,2,14,0,0,0,0,0,0,0,0,0,0,0,0,0,0,0,0,0,0,0,0,0,0,0,0,0,0,0,0,0,0,0,0,0,0,0,0,0,0,0,0,0,0,0,0,0,0,0,0,26,89
CABO_DELGADO,BALAMA,"175,733",0,0,0,0,0,0,0,0,0,0,0,0,0,0,0,0,0,0,0,0,0,0,0,0,0,0,0,0,0,0,0,0,0,0,0,0,0,0,0,0,0,0,0,1,0,2,0,9,18,3,0,1,0,0,0,1,1,0,0,0,0,0,0,0,1,0,0,0,0,0,4,0,4,19,8,0,5,2,0,0,0,0,0,0,0,0,0,0,0,0,0,11,16,0,106,70,16,8,0,0,0,0,0,0,0,0,0,0,0,0,0,0,0,0,0,0,0,0,5,0,0,4,3,3,0,1,0,0,0,0,0,0,0,0,0,0,0,0,0,0,0,0,0,0,0,0,4,114,220
CABO_DELGADO,CHIURE,"299,235",0,0,0,0,0,0,0,0,0,0,0,0,0,0,0,0,0,0,0,0,0,0,0,0,0,0,0,0,0,1,1,0,0,0,0,0,0,0,0,1,3,6,3,0,0,15,0,3,13,12,1,3,0,0,1,0,0,1,0,0,0,0,0,0,0,0,2,0,0,1,0,0,2,20,19,23,8,23,12,3,7,9,16,3,10,2,13,4,5,2,2,2,124,0,370,154,65,26,25,2,1,50,0,0,0,0,0,0,0,0,0,0,0,0,0,0,0,2,7,1,0,1,1,3,2,0,0,0,0,0,0,0,0,0,0,0,0,0,0,1,0,0,0,0,0,0,10,351,724
CABO_DELGADO,IBO,"12,205",0,0,0,0,0,0,0,0,0,0,0,0,0,0,0,0,0,0,0,0,0,0,0,0,0,0,0,0,0,0,2,0,0,0,0,0,0,0,0,0,2,0,0,1,0,0,0,0,1,1,0,1,0,0,0,0,0,0,0,0,0,0,0,0,0,0,0,0,0,0,0,0,0,0,0,0,0,0,0,0,0,0,0,0,0,0,1,1,0,0,0,0,35,0,41,51,9,0,0,0,0,0,1,0,0,0,0,0,0,0,0,0,0,0,0,0,0,0,0,0,0,0,0,0,0,0,0,0,0,0,0,0,0,0,0,0,0,0,0,0,0,0,0,0,0,0,8,69,112
CABO_DELGADO,MACOMIA,"114,345",0,0,0,0,0,0,0,0,0,0,0,0,0,0,0,0,0,0,0,0,0,0,0,0,0,0,0,0,0,0,0,0,0,0,0,0,0,0,0,0,0,0,0,0,0,0,0,0,0,0,0,0,0,0,0,0,0,0,0,0,0,0,0,0,0,0,0,0,0,0,0,0,0,0,0,0,0,0,0,0,0,0,0,0,0,0,0,0,0,0,0,1,0,0,1,0,0,0,0,0,0,0,0,0,0,0,0,0,0,0,0,0,0,0,0,0,0,0,0,0,0,0,0,0,0,0,0,0,0,0,0,0,0,0,0,0,0,0,0,0,0,0,0,0,0,0,0,0,1
CABO_DELGADO,MECUFI,"61,531",0,0,0,0,0,0,0,0,0,0,0,0,0,0,0,0,0,0,0,0,0,0,0,0,0,0,1,0,1,0,0,0,0,1,0,0,0,0,0,0,3,0,0,2,0,2,0,6,15,1,8,0,0,0,0,0,0,0,0,0,0,0,0,0,0,0,2,0,0,5,0,0,3,0,0,6,23,4,10,5,6,7,7,0,1,2,0,0,0,0,4,2,16,0,137,32,12,0,0,3,0,0,0,0,0,0,0,0,0,0,0,0,0,0,0,0,0,1,0,3,4,25,2,0,0,3,0,2,0,7,3,0,0,0,0,0,0,2,0,0,0,0,0,0,0,0,3,102,242
CABO_DELGADO,MELUCO,"36,700",0,0,0,0,0,0,0,0,0,0,0,0,0,0,0,0,0,0,0,0,0,0,0,0,0,0,0,0,0,0,0,0,0,0,0,0,0,0,0,0,0,0,0,0,0,0,0,0,0,9,6,0,0,0,0,0,0,0,0,0,0,0,0,0,0,0,0,0,0,0,0,0,0,17,19,3,0,0,0,0,0,1,3,0,3,0,0,0,0,0,0,0,0,0,61,0,0,1,0,0,0,0,0,2,1,1,0,0,0,4,9,3,0,0,0,2,0,0,0,0,0,0,0,0,0,0,0,1,0,0,0,0,0,0,0,0,0,0,0,0,0,0,0,0,0,0,5,29,90
CABO_DELGADO,METUGE,"86,866",0,0,0,0,0,0,0,0,0,0,0,0,0,0,0,0,0,0,0,0,0,0,0,0,0,0,0,0,0,0,1,0,0,0,0,0,0,0,3,0,4,2,1,2,0,4,0,4,5,8,0,0,0,0,0,0,0,0,0,0,0,0,0,0,0,0,0,0,0,0,0,0,1,21,10,32,19,15,7,19,5,0,0,1,1,0,0,0,1,1,0,0,53,0,212,50,12,7,0,0,0,0,0,0,0,0,0,0,0,1,0,0,0,0,0,0,0,0,0,3,0,0,0,0,0,0,0,0,0,0,0,0,0,0,0,0,0,0,0,0,0,0,0,2,0,0,23,98,314
CABO_DELGADO,MONTEPUEZ,"272,069",0,0,0,0,0,0,0,0,0,0,0,0,0,0,1,0,0,0,0,0,0,0,2,0,1,0,1,0,0,20,81,28,8,0,0,0,0,0,0,0,142,6,0,7,0,17,6,11,15,2,2,6,0,0,0,1,3,4,1,0,0,0,0,0,1,3,0,0,0,8,16,0,8,22,11,11,2,0,0,1,2,2,0,0,0,1,0,0,0,0,3,18,88,0,278,61,39,9,0,2,0,0,0,0,0,0,0,0,0,0,0,0,0,0,0,0,0,0,0,0,1,0,10,10,0,0,0,1,0,0,0,0,0,0,0,0,0,0,0,0,0,0,0,0,0,0,13,146,566
CABO_DELGADO,MUEDA,"170,347",0,0,0,0,0,0,0,0,0,0,0,0,1,1,20,8,0,13,0,0,0,0,0,0,0,0,5,4,0,0,3,2,0,0,0,0,0,0,0,0,57,0,0,1,0,4,0,10,35,8,0,14,0,0,0,0,0,0,0,0,0,0,0,0,0,0,0,0,0,0,19,5,4,1,6,3,3,3,0,0,0,0,0,0,0,0,0,0,0,0,1,13,29,0,159,33,32,8,10,3,0,0,1,0,0,0,0,0,0,0,0,0,0,0,0,0,0,0,0,0,0,0,0,0,0,0,0,0,0,0,0,0,0,0,0,0,0,0,0,0,0,0,0,0,0,0,0,87,303
CABO_DELGADO,NAMUNO,"245,248",0,0,0,0,0,0,0,0,0,0,2,0,0,1,0,0,0,0,0,0,0,0,0,0,0,0,1,0,0,0,0,0,0,0,0,0,0,0,0,0,4,1,3,3,0,4,2,4,4,1,0,0,0,0,0,3,0,0,0,0,0,0,0,0,0,0,0,0,0,0,4,0,6,25,9,5,20,6,6,4,1,0,0,0,0,0,0,0,0,0,0,0,9,0,120,52,43,5,7,2,6,2,7,0,0,0,0,0,0,0,0,0,0,0,0,0,0,0,0,0,0,0,0,0,0,0,0,0,0,0,0,0,0,0,0,0,0,0,0,0,0,0,0,0,0,0,0,124,248
CABO_DELGADO,NANGADE,"89,714",0,0,0,0,0,0,0,0,0,0,0,0,0,0,0,0,0,0,0,0,0,0,0,0,0,0,0,0,0,0,0,0,0,0,0,0,0,0,0,0,0,0,0,0,0,3,2,5,11,0,0,0,0,0,0,0,0,0,0,0,0,0,0,0,0,0,0,0,0,0,0,0,13,31,6,67,0,5,1,0,0,0,0,0,0,0,0,0,0,0,0,0,8,0,152,2,15,7,2,0,0,0,0,0,0,0,0,0,0,0,0,0,0,0,0,0,0,0,0,0,0,0,0,0,0,0,0,0,0,0,0,0,0,0,0,0,0,0,0,1,0,0,0,0,0,0,0,27,179
CABO_DELGADO,PALMA,"67,025",0,0,0,0,0,0,0,9,10,10,0,4,0,2,0,0,0,0,0,0,0,0,0,0,0,0,0,0,0,0,0,0,0,0,0,0,0,10,0,0,45,1,4,0,0,0,0,0,0,0,0,0,0,0,0,0,0,0,0,0,0,0,0,0,0,0,0,0,0,0,0,0,0,0,1,0,0,0,0,0,0,0,0,0,0,0,0,0,0,0,0,0,0,0,6,0,0,0,0,0,0,0,0,0,0,0,0,0,0,0,0,0,0,0,0,0,0,0,0,0,0,0,0,0,0,0,0,0,0,0,0,0,0,0,0,0,0,0,0,0,0,0,0,0,0,0,0,0,51
CABO_DELGADO,PEMBA,"200,529",0,0,4,0,0,0,0,5,34,10,29,39,20,14,13,27,40,21,6,0,0,0,33,32,40,15,5,6,23,10,9,14,7,15,21,7,10,15,18,13,555,70,109,43,57,226,386,387,186,210,30,40,6,2,4,10,2,2,0,0,1,1,3,4,11,5,2,15,16,10,15,19,47,94,99,184,108,76,61,24,25,11,8,7,11,3,0,0,8,8,16,177,795,0,3634,247,49,35,11,11,6,1,6,3,0,1,0,0,6,2,0,0,1,19,9,7,3,13,21,15,19,11,11,5,3,1,2,6,4,0,0,4,4,24,0,3,0,0,2,1,1,2,41,16,10,5,118,759,4948
CABO_DELGADO,QUISSANGA,"50,259",0,0,0,0,0,0,0,0,0,0,0,0,0,0,0,0,0,0,0,0,0,0,0,0,0,0,0,0,0,0,0,0,0,0,0,0,0,0,0,0,0,0,0,0,0,0,0,0,0,0,0,0,0,0,0,0,0,0,0,0,0,0,0,0,0,0,0,0,0,0,0,0,0,0,1,1,0,0,0,0,0,0,0,0,0,0,0,0,0,0,0,0,0,0,2,0,0,0,0,0,0,0,0,0,0,0,0,0,0,0,0,0,0,0,0,0,0,0,0,0,0,0,0,0,0,0,0,0,0,0,0,0,0,0,0,0,0,0,0,0,0,0,0,0,0,0,0,0,2
GAZA,BILENE,"140,972",0,0,0,0,0,0,0,0,0,0,0,0,0,3,0,1,0,1,9,8,0,2,0,0,0,5,0,0,0,0,0,0,1,0,1,0,0,0,0,0,31,0,6,34,37,32,21,56,12,1,2,2,3,0,0,2,0,0,0,0,0,0,0,0,4,0,6,43,102,1,112,48,37,22,4,6,0,0,0,1,0,2,0,0,0,1,0,0,1,15,152,179,124,0,1068,126,37,6,4,4,1,3,0,0,1,0,0,0,0,3,2,2,0,0,0,0,1,14,7,0,42,38,9,13,10,1,2,2,1,3,1,0,4,0,0,4,0,0,0,1,2,1,0,0,0,2,55,402,1501
GAZA,CHIBUTO,"217,155",0,0,0,0,0,0,0,0,0,0,1,0,0,0,0,0,0,0,0,1,0,0,0,0,3,9,1,0,0,0,0,0,3,0,4,0,0,0,0,4,26,3,14,4,3,0,19,19,2,2,3,0,0,0,0,0,0,0,0,0,2,1,0,0,0,1,5,14,30,4,84,59,17,24,11,21,2,1,1,2,1,0,1,0,1,1,0,0,3,0,44,157,155,0,711,176,32,12,0,3,1,2,1,0,0,0,0,0,0,2,0,0,0,1,0,2,0,2,6,3,27,3,10,12,23,0,1,3,0,0,0,0,0,0,0,0,0,0,0,1,0,0,0,0,0,0,20,343,1080
GAZA,CHICUALACUALA,"27,084",0,0,0,0,0,0,0,0,0,0,0,0,0,0,0,0,0,0,0,0,0,1,0,0,0,0,0,0,0,0,0,0,0,0,0,0,0,0,0,0,1,0,0,25,4,39,9,25,4,1,0,0,0,0,0,0,0,0,0,0,0,0,0,0,0,0,0,6,0,16,20,48,37,24,9,4,0,2,0,0,0,1,0,0,0,0,0,0,0,0,9,31,150,0,464,98,5,2,0,0,0,1,0,0,0,0,0,0,0,0,0,0,0,0,0,0,0,0,0,0,0,0,0,3,0,1,0,0,0,4,0,0,0,0,0,0,0,0,0,0,0,0,0,0,0,0,0,114,579
GAZA,CHIGUBO,"22,080",0,0,0,0,0,0,0,0,0,0,0,0,0,0,0,0,0,0,0,0,0,0,0,0,2,0,0,0,0,1,2,0,0,0,0,0,0,0,0,0,5,0,3,0,0,0,2,8,1,0,0,0,0,0,0,0,0,0,0,0,0,0,0,0,0,0,0,2,8,3,15,63,10,2,0,0,0,1,0,0,2,0,0,0,0,0,0,0,0,1,8,27,71,0,227,103,20,8,3,2,3,0,0,0,0,0,0,0,0,0,0,0,0,0,0,0,0,0,0,1,2,0,0,1,0,0,0,1,1,1,0,0,1,4,0,0,3,1,0,0,1,0,0,0,0,0,29,185,417
GAZA,CHOCKWE,"217,019",0,0,0,0,0,0,0,0,0,0,0,0,1,2,1,1,0,0,6,70,2,19,1,2,10,11,3,1,0,5,1,1,1,0,1,13,1,0,0,2,155,21,13,9,37,49,31,24,17,0,1,0,0,1,0,0,1,1,0,1,1,2,2,0,0,0,17,50,54,25,105,5,42,5,14,5,2,0,1,0,0,0,0,0,0,3,0,0,5,11,18,57,382,0,1012,122,147,38,20,7,2,20,0,1,0,0,0,0,0,1,5,5,0,0,0,9,0,3,0,0,1,6,1,1,1,0,0,0,0,0,0,0,0,0,0,0,0,0,0,0,0,0,0,0,0,0,42,432,1599
GAZA,CHONGOENE,"118,911",0,0,0,0,0,0,0,0,0,0,0,0,0,0,0,2,1,0,6,0,0,0,0,0,1,8,3,0,0,1,0,0,0,0,0,0,0,0,0,0,22,0,18,4,5,38,30,13,1,1,0,0,0,0,2,0,0,0,0,0,0,0,0,1,1,1,0,14,31,13,25,39,2,8,1,65,1,3,0,1,0,0,0,0,0,0,1,1,0,18,81,76,120,0,615,93,39,6,29,5,0,0,0,0,0,0,0,0,0,0,0,0,0,0,0,5,1,3,3,4,4,7,3,3,4,0,0,0,1,0,0,0,0,0,0,0,0,0,0,1,0,0,0,0,0,0,5,216,853
GAZA,GUIJA,"89,996",0,0,0,0,0,0,0,0,0,0,0,0,0,0,0,0,0,1,0,1,2,2,0,0,0,0,1,2,0,0,0,0,0,0,0,0,0,0,0,0,9,0,11,22,22,29,0,34,0,0,1,1,1,0,0,2,0,0,0,0,0,1,0,0,0,0,15,18,59,24,62,61,24,3,11,3,1,0,0,0,0,0,0,0,0,0,0,1,0,1,23,79,188,0,697,73,22,15,3,1,0,0,0,0,0,0,0,0,0,0,0,0,0,0,0,0,0,3,1,2,0,3,4,0,0,0,0,4,0,0,0,0,0,0,0,0,0,0,0,0,0,0,0,0,0,0,3,134,840
GAZA,LIMPOPO,"150,394",0,0,0,0,0,0,0,0,0,0,0,0,0,0,0,0,2,0,1,2,0,0,0,0,0,0,0,1,0,0,0,0,0,0,0,0,0,0,0,0,6,9,0,8,0,39,50,58,6,3,4,2,0,0,5,7,0,0,0,0,0,1,0,0,4,0,13,51,43,16,137,128,27,21,6,6,2,1,1,0,3,2,0,0,1,0,0,0,0,4,49,65,199,0,971,131,55,19,19,5,0,0,0,0,0,0,0,0,0,0,0,0,0,0,0,0,0,3,12,3,8,2,0,0,1,2,0,0,0,0,0,0,0,0,0,0,0,0,0,0,1,0,0,0,0,0,50,311,1288
GAZA,MABALANE,"38,644",0,0,0,0,0,0,0,0,0,0,0,0,0,0,0,0,0,0,0,0,0,0,0,0,0,0,0,0,0,0,0,0,0,0,0,0,0,0,0,0,0,0,0,0,4,3,17,15,3,0,0,0,0,0,0,0,0,0,0,0,0,1,0,0,0,0,2,3,1,7,6,19,11,54,16,0,9,1,4,3,4,1,0,1,1,1,0,0,2,1,7,48,150,0,395,74,31,21,5,1,0,0,0,0,0,0,0,0,0,0,0,0,0,0,0,0,1,2,0,1,1,8,3,2,2,0,4,1,0,1,0,0,0,0,0,0,0,0,0,0,0,0,0,0,1,1,5,165,560
GAZA,MANDLAKAZI,"137,068",0,0,0,0,0,0,0,0,0,0,0,0,0,0,0,0,0,0,0,1,0,0,0,0,0,0,0,0,1,0,1,0,1,0,1,12,2,5,0,1,25,1,10,1,12,35,20,82,0,1,5,0,0,1,1,2,0,1,0,0,0,0,0,0,0,1,1,40,62,41,74,130,33,40,33,31,4,4,9,4,1,1,1,0,2,1,1,0,0,3,83,112,412,0,1296,380,143,56,7,7,0,0,0,0,0,0,0,0,0,0,0,1,0,0,0,2,1,1,5,5,7,14,19,13,9,1,1,5,0,1,0,1,1,0,0,0,0,0,0,1,1,0,0,0,0,1,64,747,2068
GAZA,MAPAI,"28,441",0,0,0,0,0,0,0,0,0,0,0,0,0,0,0,0,0,0,0,0,0,0,0,0,0,0,0,0,0,0,0,0,0,0,0,0,0,0,0,0,0,0,0,0,0,0,0,1,0,0,0,0,0,0,0,0,0,0,0,0,0,0,0,0,0,0,0,12,0,2,32,21,36,17,2,4,2,0,0,0,0,0,0,0,0,0,1,0,1,2,1,56,113,0,303,84,6,4,4,5,1,0,0,0,1,0,0,0,0,0,0,0,0,0,0,0,0,0,0,0,0,0,5,0,19,0,0,1,0,0,0,2,1,0,0,0,0,0,0,0,0,0,0,0,0,0,0,133,436
GAZA,MASSANGENA,"21,562",0,0,0,0,0,0,0,0,0,0,0,0,0,0,0,0,0,0,0,0,0,0,0,0,0,0,0,0,0,0,0,0,0,0,0,0,0,0,0,0,0,0,2,17,0,0,5,0,0,0,0,0,0,0,0,0,0,0,0,0,0,0,0,0,0,0,0,3,0,7,15,21,10,1,0,1,0,0,1,0,0,1,0,0,0,1,0,0,0,1,6,9,58,0,159,94,29,10,3,0,0,0,0,3,0,1,0,0,0,0,0,0,0,1,1,1,0,2,0,9,12,12,0,1,1,1,1,1,1,0,0,0,0,1,0,0,0,0,0,0,0,0,0,0,0,0,13,198,357
GAZA,MASSINGIR,"36,750",0,0,0,0,0,0,0,0,0,0,0,0,0,0,0,0,0,0,0,0,0,0,0,0,0,0,0,0,0,0,0,0,1,0,0,0,0,0,0,0,1,0,0,5,1,1,3,7,1,4,0,2,0,0,0,0,0,0,0,0,0,0,0,0,0,0,0,3,11,4,13,27,28,4,0,4,0,2,0,0,0,0,0,0,0,0,0,0,0,0,4,70,75,0,269,101,0,33,6,0,0,0,0,2,0,0,0,0,0,0,0,0,1,0,0,0,0,3,1,0,2,0,23,20,0,9,0,1,0,0,0,0,0,0,0,0,0,0,0,0,0,0,0,0,0,0,0,202,472
GAZA,XAI-XAI,"141,963",0,0,0,0,0,0,0,0,2,0,0,1,0,2,7,1,6,0,16,7,2,5,4,8,61,48,16,22,6,22,22,10,18,5,12,27,9,28,25,23,415,104,224,376,342,215,194,159,29,11,13,27,16,1,14,8,1,5,0,1,5,2,2,5,20,17,81,287,168,159,370,359,120,156,82,65,70,19,42,8,6,4,6,0,1,0,2,0,1,10,103,139,136,0,4185,139,72,127,25,16,5,6,5,7,2,4,0,0,0,0,1,0,1,2,1,3,15,27,46,48,14,11,6,2,3,0,0,1,1,0,1,2,0,0,0,0,2,1,0,0,1,0,0,0,0,5,38,640,5240
INHAMBANE,FUNHALOURO,"44,140",0,0,0,0,0,0,0,0,0,0,0,0,0,0,0,0,0,0,0,0,0,0,0,0,0,0,0,0,0,0,0,0,0,0,0,0,0,0,0,0,0,6,10,0,11,0,0,8,1,14,0,0,0,0,1,0,0,0,0,0,0,0,0,0,3,0,5,2,35,11,14,21,14,1,5,3,0,0,0,0,0,2,0,0,0,0,0,0,5,1,7,47,10,0,237,202,13,0,2,0,0,0,0,0,0,0,0,0,0,0,0,0,0,0,0,0,0,0,0,0,3,4,1,0,0,0,0,0,0,0,0,0,0,0,0,0,0,0,0,0,0,0,0,0,0,0,0,225,462
INHAMBANE,GOVURO,"36,094",0,0,0,0,0,0,0,0,0,0,0,0,0,0,0,0,0,0,0,0,0,0,0,0,0,0,0,0,0,0,0,0,0,0,0,0,0,0,0,0,0,0,10,0,1,12,5,1,8,1,2,0,0,0,0,0,0,0,1,0,0,1,0,1,1,0,2,21,0,46,25,52,17,2,1,4,0,1,0,1,0,1,0,1,0,0,0,0,0,2,2,9,4,0,235,55,20,12,1,2,0,0,0,0,0,0,1,0,0,0,0,0,0,0,0,0,0,0,0,0,28,17,11,7,0,0,0,0,0,0,0,0,0,0,0,0,0,0,0,0,0,0,0,0,0,0,0,154,389
INHAMBANE,HOMOINE,"114,877",0,0,0,0,0,0,0,0,0,0,0,0,0,1,0,0,0,0,0,1,8,0,2,0,0,1,0,4,0,0,1,0,0,0,0,0,0,0,4,0,22,3,61,27,18,17,57,0,2,39,8,6,0,0,0,1,2,0,1,0,1,1,0,1,7,1,7,8,28,31,52,23,71,14,113,5,5,1,2,0,1,3,0,0,0,0,0,0,1,7,61,57,250,0,993,121,43,26,23,0,0,0,1,0,0,0,0,0,0,0,0,0,0,0,0,0,0,0,0,0,3,0,0,0,0,0,0,0,0,0,0,0,0,0,0,0,0,0,0,0,0,0,0,0,0,0,44,261,1276
INHAMBANE,INHAMBANE,"82,119",0,0,0,0,0,0,0,0,0,1,4,0,0,8,5,4,1,0,2,0,8,1,1,2,31,33,8,6,9,4,3,5,4,13,2,2,2,0,10,2,171,60,45,136,202,194,249,148,66,60,36,9,3,4,0,0,3,2,1,1,4,1,3,1,3,11,16,28,92,160,267,310,102,73,54,39,16,16,5,17,3,2,2,2,2,2,4,0,12,22,110,228,345,4,3175,278,321,53,11,6,1,0,0,0,0,0,0,4,0,0,0,0,1,0,3,2,4,6,19,24,16,18,11,11,9,4,2,0,1,0,3,0,0,0,0,0,3,0,0,0,1,0,3,1,1,1,12,830,4176
INHAMBANE,INHARRIME,"113,288",0,0,0,0,0,0,0,0,0,0,0,0,0,0,0,0,0,0,0,0,0,0,0,0,0,0,0,0,0,0,0,0,0,0,0,0,1,0,5,0,6,9,2,82,0,24,45,0,13,33,0,3,0,0,0,0,0,0,0,0,0,0,2,2,7,21,14,29,67,39,22,14,30,17,4,10,3,0,0,0,0,0,1,0,0,0,0,0,0,0,38,36,189,0,756,127,53,14,9,4,0,0,0,0,0,0,0,0,0,0,0,0,0,0,0,0,0,0,0,3,10,9,5,1,4,2,0,0,0,2,0,0,1,1,1,0,0,0,0,0,0,0,1,0,0,0,41,288,1050
INHAMBANE,INHASSORO,"57,037",0,0,0,0,0,0,0,0,0,0,1,0,0,0,1,0,0,0,1,0,0,0,0,0,0,0,0,0,0,0,0,0,0,0,0,0,0,0,4,0,7,0,1,0,4,6,2,8,1,7,3,1,0,1,0,0,0,1,1,0,0,0,3,3,4,11,10,14,26,50,72,70,33,13,20,19,10,15,4,4,1,0,0,1,0,0,0,0,0,16,32,24,65,0,556,12,21,34,14,6,2,2,1,0,0,2,0,0,2,0,0,1,0,0,0,0,0,0,0,0,5,6,5,3,0,0,0,0,0,0,0,0,0,0,0,0,0,0,0,0,0,0,0,0,0,0,0,116,679
INHAMBANE,JANGAMO,"105,306",0,0,0,0,0,0,0,0,0,0,0,0,0,1,0,0,0,0,0,0,1,0,2,0,3,2,0,0,4,0,1,0,0,0,2,2,0,0,3,1,22,12,16,32,14,4,6,61,21,5,1,1,0,0,0,0,0,1,0,0,0,0,0,0,1,3,0,8,6,29,23,25,18,12,18,6,1,1,1,1,1,1,0,0,0,0,0,0,0,0,12,35,75,2,453,9,0,9,1,0,0,0,0,0,0,0,0,0,0,0,0,0,0,0,0,0,0,0,0,0,1,5,0,0,0,0,0,0,0,0,0,0,0,0,0,0,0,0,0,0,0,0,0,0,0,0,20,45,520
INHAMBANE,MABOTE,"51,046",0,0,0,0,0,0,0,0,0,0,0,0,0,0,2,0,0,0,0,0,4,0,0,0,5,13,0,2,0,0,0,0,0,0,0,0,0,0,0,0,26,0,0,0,0,0,24,1,0,12,1,1,0,0,3,0,0,1,0,0,0,0,0,0,0,10,5,5,0,19,10,34,16,4,0,1,0,0,1,0,0,0,0,0,0,0,0,0,0,0,0,0,53,0,201,19,36,14,9,0,1,0,0,0,0,0,0,0,0,0,0,0,0,0,0,0,0,0,0,0,0,13,3,3,0,0,0,0,0,0,0,0,0,0,0,0,0,0,0,0,0,0,0,0,0,0,0,98,325
INHAMBANE,MASSINGA,"236,939",0,0,0,0,0,0,0,0,0,0,0,0,0,0,0,0,0,0,0,2,1,3,5,0,0,28,2,5,1,1,2,1,0,0,0,13,1,0,0,1,66,38,14,43,30,0,22,38,43,15,5,2,1,1,2,0,1,1,1,0,0,0,0,1,1,6,3,5,22,69,111,42,69,17,40,9,6,2,4,1,0,0,0,0,0,0,0,0,0,2,54,112,130,1,964,31,55,20,52,1,0,0,0,0,0,0,0,0,0,0,0,0,0,0,0,0,0,0,4,2,0,3,3,22,0,0,0,0,0,0,0,0,0,0,0,0,0,0,0,0,0,0,0,0,0,0,58,251,1281
INHAMBANE,MAXIXE,"129,993",0,0,0,0,0,0,0,0,0,0,0,0,0,1,0,1,0,0,0,1,2,0,0,0,2,0,2,2,5,1,2,3,9,13,4,2,3,0,9,5,67,24,70,113,91,76,60,63,104,29,5,15,0,2,1,2,2,2,2,0,4,2,3,11,15,14,39,59,174,273,346,211,68,53,42,19,14,7,3,1,0,2,0,2,0,0,0,0,1,1,104,205,540,5,2879,184,173,5,9,0,0,0,0,0,0,0,0,1,0,0,0,0,0,0,0,0,0,0,12,11,34,20,1,0,0,0,0,0,0,0,0,0,0,0,0,0,0,0,0,0,0,0,0,0,0,0,89,539,3485
INHAMBANE,MORRUMBENE,"136,980",0,0,0,0,0,0,0,0,0,0,0,0,0,0,0,0,3,1,0,0,0,0,0,0,2,0,0,1,0,0,2,0,0,0,0,0,0,0,2,0,11,10,5,31,0,0,12,48,4,9,1,2,0,0,2,0,8,0,0,0,0,0,0,0,0,0,2,19,47,50,70,40,28,9,6,6,0,0,0,1,0,0,0,0,0,0,0,0,0,0,0,49,317,0,776,76,114,1,0,0,0,0,0,0,0,0,0,0,0,0,0,0,0,0,0,0,0,0,5,9,0,0,0,0,0,0,0,0,0,0,0,0,0,0,0,0,0,0,0,0,0,0,0,0,0,0,6,211,998
INHAMBANE,PANDA,"43,968",0,0,0,0,0,0,0,0,0,0,0,0,0,1,0,0,0,0,0,0,0,0,1,0,0,1,1,0,0,0,0,0,0,0,0,0,0,0,0,0,4,11,0,13,0,11,15,3,1,10,0,1,0,0,0,0,0,0,0,0,0,0,0,0,0,0,1,3,21,49,98,33,4,12,9,1,1,0,0,0,0,0,0,0,0,0,0,0,0,0,15,51,49,0,412,15,61,28,1,0,0,0,0,0,0,0,0,0,0,0,0,0,0,0,0,0,0,0,0,0,1,0,0,0,0,0,0,0,0,0,0,0,0,0,1,0,0,0,0,0,0,0,0,0,0,0,0,107,523
INHAMBANE,VILANCULOS,"151,709",0,0,0,0,0,0,0,0,0,0,0,0,0,0,0,0,0,0,0,0,7,0,0,0,0,1,2,2,0,0,0,0,0,0,0,3,6,0,1,0,22,4,0,0,25,7,45,14,9,11,31,10,0,3,4,2,3,10,0,6,0,4,2,4,3,5,10,17,128,136,389,147,99,38,30,25,17,22,5,7,4,2,1,0,0,0,0,0,1,27,19,74,174,0,1574,343,142,111,14,9,1,2,0,1,1,2,2,0,0,1,0,3,5,0,1,2,2,3,7,4,7,10,0,2,0,1,0,1,0,0,0,0,0,0,0,0,0,3,0,1,0,0,2,0,0,0,14,697,2293
INHAMBANE,ZAVALA,"151,308",0,0,0,0,0,0,0,0,0,0,0,0,0,0,1,0,0,0,0,0,0,0,0,0,0,0,0,0,0,1,0,0,1,3,2,0,0,0,1,0,9,0,4,102,37,36,0,62,3,4,1,2,1,0,3,0,3,0,0,0,1,0,0,0,0,7,3,34,46,43,104,50,43,29,11,7,2,1,0,3,0,1,0,1,1,2,0,0,2,6,27,168,223,2,1075,54,52,3,25,0,0,0,0,0,0,0,0,0,0,0,0,0,0,0,0,0,0,0,0,0,0,7,1,1,2,1,2,2,0,1,0,0,1,0,0,0,0,0,1,0,0,0,0,0,2,0,25,180,1264
MANICA,BARUE,"185,641",0,0,0,0,0,0,0,0,0,0,0,0,0,0,0,0,0,0,0,0,0,0,0,0,0,0,0,0,0,0,0,0,0,0,0,0,0,0,0,0,0,0,0,0,0,0,0,0,0,0,0,0,0,0,0,0,0,0,0,0,0,0,0,0,0,0,0,0,0,0,1,1,0,0,0,0,0,0,0,0,0,0,0,0,0,0,0,0,1,0,0,10,113,0,126,105,52,6,1,1,0,0,0,0,0,0,0,0,0,0,0,0,0,0,0,0,0,0,0,0,0,0,0,0,0,0,0,0,0,0,0,0,0,0,0,0,0,0,0,0,0,0,0,0,0,0,5,170,296
MANICA,CHIMOIO,"363,336",0,0,0,0,0,0,0,0,0,2,0,1,1,3,2,0,9,0,2,33,21,4,16,4,14,7,4,4,11,13,8,11,11,17,6,9,9,12,11,23,268,128,428,326,232,225,220,159,59,27,20,88,10,3,9,2,7,15,2,12,13,8,14,7,12,49,236,531,336,230,760,582,710,386,11,16,16,5,4,14,1,4,3,3,2,2,4,1,5,9,160,543,446,4,7099,753,305,97,47,15,30,3,3,4,0,0,1,1,0,3,0,1,1,0,0,0,0,2,0,0,1,2,1,1,0,1,0,1,1,2,1,0,2,0,4,2,2,1,6,4,1,1,1,4,1,1,51,1358,8725
MANICA,GONDOLA,"192,314",0,0,0,0,0,0,0,0,0,0,0,0,0,0,0,0,0,0,0,0,0,0,0,0,0,0,0,0,0,0,0,0,0,0,0,0,0,0,0,0,0,0,0,0,0,0,0,0,0,0,0,0,0,0,0,0,0,0,0,0,0,0,0,0,0,0,2,0,0,1,0,5,4,1,1,0,3,1,0,0,0,0,0,0,0,0,0,0,0,0,1,2,0,0,21,0,0,0,0,0,0,0,0,0,0,0,0,0,0,0,0,0,0,0,0,0,0,0,0,0,0,0,0,0,0,0,0,0,0,0,0,0,0,0,0,0,0,0,0,0,0,0,0,0,0,0,0,0,21
MANICA,GURO,"97,141",0,0,0,0,0,0,0,0,0,0,0,0,0,0,0,0,0,0,0,0,0,0,0,0,0,0,0,0,0,0,0,0,0,0,0,0,0,0,0,0,0,0,0,0,0,0,0,0,0,0,0,0,0,0,0,0,0,0,0,0,0,0,0,0,0,0,0,0,0,0,0,6,4,0,0,0,0,1,0,1,0,0,0,0,0,0,0,0,0,0,0,9,90,0,111,101,3,25,1,0,0,0,0,1,0,0,0,0,0,0,0,0,0,0,0,0,0,0,0,0,0,0,0,0,0,0,0,0,0,0,0,0,0,0,0,0,0,0,0,0,0,0,0,0,0,0,4,135,246
MANICA,MACATE,"84,429",0,0,0,0,0,0,0,0,0,0,0,0,0,0,0,0,0,0,0,0,0,0,0,0,0,0,0,0,0,0,0,0,0,0,0,0,0,0,0,0,0,0,0,0,0,0,0,0,0,0,0,0,0,0,0,0,0,0,0,0,0,0,0,0,0,0,0,0,0,0,1,0,0,0,0,0,0,0,0,0,0,0,0,0,0,0,0,0,0,0,1,15,50,0,67,3,7,0,0,0,0,0,0,0,0,0,0,0,0,0,0,0,0,0,0,0,0,0,0,0,0,0,0,0,0,0,0,0,0,0,0,0,0,0,0,0,0,0,0,0,0,0,0,0,0,0,5,15,82
MANICA,MACHAZE,"126,488",0,0,0,0,0,0,0,0,0,0,0,0,0,0,0,0,0,0,0,0,0,0,0,0,0,0,0,0,0,0,0,0,0,0,0,0,0,0,0,0,0,0,0,0,0,0,0,0,0,0,0,0,0,0,0,0,0,0,0,0,0,0,0,0,0,0,0,0,0,0,61,0,8,0,0,0,1,4,3,0,0,0,0,0,0,0,0,0,0,1,70,117,279,0,544,336,7,11,0,0,0,0,0,0,0,0,0,0,0,0,0,0,0,0,0,0,0,0,0,0,0,0,0,0,0,0,0,0,0,0,0,0,0,0,0,0,0,0,0,0,0,0,0,0,0,0,82,436,980
MANICA,MACOSSA,"46,132",0,0,0,0,0,0,0,0,0,0,0,0,0,0,0,0,0,0,0,0,0,0,0,0,0,0,0,0,0,0,0,0,0,0,0,0,0,0,0,0,0,0,0,0,0,0,0,0,0,0,0,0,0,0,0,0,0,0,0,0,0,0,0,0,0,0,0,0,0,0,12,4,3,0,0,1,0,0,0,0,0,0,0,0,0,0,0,0,0,0,1,5,25,0,51,0,0,0,0,0,0,0,0,0,0,0,0,0,0,0,0,0,0,0,0,0,0,0,0,0,0,0,0,0,0,0,0,0,0,0,0,0,0,0,0,0,0,0,0,0,0,0,0,0,0,0,0,0,51
MANICA,MANICA,"215,239",0,0,0,0,0,0,0,0,0,0,0,0,0,0,0,0,1,3,1,0,0,0,1,0,0,1,1,0,1,1,0,0,0,0,0,0,0,0,0,0,10,4,13,0,0,0,0,0,0,0,0,0,0,0,0,0,0,0,0,0,0,0,0,0,0,0,0,2,2,5,7,18,8,7,1,3,1,0,1,0,0,0,0,0,0,0,0,0,0,7,8,27,7,0,121,0,1,1,0,1,0,0,0,0,0,0,0,0,0,0,0,0,0,0,0,0,0,0,0,0,0,0,0,0,0,0,0,0,0,0,0,0,0,0,0,0,0,0,0,0,0,0,0,0,0,0,0,3,134
MANICA,MOSSURIZE,"203,738",0,0,0,0,0,0,0,0,0,0,0,0,0,0,0,0,0,0,0,0,0,0,0,0,0,0,0,0,0,0,0,0,0,0,0,0,0,0,0,0,0,0,0,1,0,0,0,0,0,0,0,0,0,0,0,0,0,0,0,0,0,0,0,0,0,0,0,0,0,0,0,0,0,0,4,0,2,0,0,0,0,0,0,0,0,0,0,0,0,15,30,19,41,0,112,36,8,2,0,0,0,0,0,0,0,0,0,0,0,0,0,0,0,0,0,0,0,0,0,0,0,0,0,0,0,0,0,0,0,0,0,0,0,0,0,0,0,0,0,0,0,0,0,0,0,0,0,46,158
MANICA,SUSSUNDENGA,"168,442",0,0,0,0,0,0,0,0,0,0,0,0,0,0,0,0,0,0,0,0,0,0,0,0,0,0,0,0,0,0,0,0,0,0,0,0,0,0,0,0,0,0,0,0,0,0,0,0,0,0,0,0,0,0,0,0,0,0,0,0,0,0,0,0,0,0,0,0,0,0,0,0,0,23,0,0,2,0,0,1,0,0,0,0,0,0,0,0,1,0,2,100,91,0,220,118,30,16,0,0,0,0,0,0,0,0,0,0,0,0,0,0,0,0,0,0,0,0,0,0,0,0,0,0,0,0,0,0,0,0,0,0,0,0,0,0,0,0,0,0,0,0,0,0,0,0,10,174,394
MANICA,TAMBARA,"53,499",0,0,0,0,0,0,0,0,0,0,0,0,0,0,0,0,0,0,0,0,0,0,0,0,0,0,0,0,0,0,0,0,1,0,0,0,0,0,0,0,1,0,0,0,0,0,0,0,0,0,0,0,0,0,0,0,0,0,0,0,0,0,0,0,0,0,0,0,0,0,0,0,0,0,0,7,0,0,0,0,0,1,0,0,0,0,0,0,0,0,0,0,0,0,8,0,0,0,0,0,0,0,0,0,0,0,0,0,0,0,0,0,0,0,0,0,0,0,0,0,0,0,0,0,0,0,0,0,0,0,0,0,0,0,0,0,0,0,0,0,0,0,0,0,0,0,0,0,9
MANICA,VANDUZI,"115,532",0,0,0,0,0,0,0,0,0,0,0,0,0,0,0,0,0,0,0,0,0,0,0,0,0,0,0,0,1,0,0,0,0,0,0,0,0,0,0,0,1,0,0,0,0,0,0,1,0,0,0,0,0,0,0,0,0,0,0,0,0,0,0,0,0,0,0,0,2,0,0,0,0,1,3,0,0,0,0,0,0,0,0,0,0,0,0,0,0,0,0,21,98,0,126,33,74,4,0,0,0,0,0,0,0,0,0,0,0,0,0,0,0,0,1,0,0,0,0,0,0,0,0,0,0,0,0,0,0,0,0,0,0,0,0,0,0,0,0,0,0,0,0,0,0,0,0,112,239
MAPUTO_CIDADE,KAMAVOTA,"326,771",0,0,0,0,0,0,0,0,0,2,2,2,0,3,3,6,3,2,2,23,4,21,19,46,36,34,43,29,27,53,47,30,53,58,32,38,30,55,40,33,776,70,239,343,252,291,199,189,170,90,71,50,13,13,15,19,18,20,5,5,1,9,8,6,13,112,223,544,777,760,893,379,339,105,97,45,21,22,2,11,2,2,1,1,0,0,0,0,13,90,407,648,664,25,8292,333,178,119,33,19,19,4,6,7,2,0,0,0,0,2,0,0,0,0,0,0,3,9,5,18,20,15,5,16,4,5,1,5,6,3,0,4,2,3,5,6,10,2,7,1,4,13,6,10,1,8,22,941,10009
MAPUTO_CIDADE,KAMAXAKENI,"195,556",0,0,1,0,0,0,0,7,1,8,4,10,5,8,17,23,16,25,7,15,3,7,15,10,15,99,98,52,22,57,29,24,12,17,9,19,18,49,21,21,744,44,64,107,108,90,81,86,61,63,92,37,8,8,10,9,14,10,5,7,4,1,3,11,11,52,123,276,319,292,342,153,116,48,44,12,12,14,5,1,3,9,14,11,3,2,2,2,10,64,162,847,1051,4,4927,254,282,74,18,82,49,34,16,9,3,2,7,7,2,3,4,3,4,4,2,20,16,28,34,50,27,20,9,1,6,5,4,4,3,4,0,0,14,5,1,1,1,2,0,3,2,2,1,2,1,4,26,1155,6826
MAPUTO_CIDADE,KAMPFUMU,"76,157",1,11,13,43,11,17,80,29,5,5,3,9,3,5,7,18,34,40,91,175,228,183,228,247,469,447,428,303,469,409,251,203,181,163,149,192,174,191,200,328,6043,992,889,1411,1570,1502,1142,913,638,543,402,365,85,96,143,114,154,122,74,51,30,41,75,83,180,682,1027,2168,3047,3146,2501,1765,1047,428,316,116,92,77,51,16,21,6,12,6,8,9,9,11,146,547,1310,1929,1939,133,34180,1023,668,323,148,73,51,36,25,13,8,6,5,0,1,5,4,2,10,21,17,24,67,163,133,82,63,31,19,10,8,12,7,8,4,4,2,8,3,7,10,1,3,1,4,7,7,9,21,17,9,18,302,3503,43726
MAPUTO_CIDADE,KAMUBUKWANA,"319,968",0,0,0,0,0,0,0,0,0,0,0,0,0,0,0,0,0,1,0,0,1,4,0,12,2,3,16,9,14,11,13,19,16,9,5,6,1,7,3,12,164,34,29,56,144,74,79,117,45,21,30,31,0,8,4,7,16,3,6,9,0,0,3,13,8,29,69,260,451,472,550,323,103,30,23,10,10,10,5,2,2,10,17,6,6,2,1,1,3,64,231,456,0,5,3888,340,184,44,22,9,13,3,5,3,1,1,3,4,2,0,0,0,4,6,0,2,3,14,16,13,4,2,4,3,2,3,1,0,0,0,0,0,0,0,2,0,0,0,1,0,0,4,0,0,0,3,53,774,4826
MAPUTO_CIDADE,KANYAKA,"5,958",0,0,0,0,0,0,0,0,0,0,0,0,0,0,0,0,0,0,0,0,0,0,0,0,0,0,0,0,0,0,1,0,0,0,0,0,0,0,0,0,1,0,0,9,2,1,0,6,3,1,1,0,0,0,0,0,0,0,0,0,0,0,0,0,0,0,0,0,12,10,13,5,2,0,6,0,0,0,0,0,0,0,0,0,0,0,0,0,0,0,14,36,41,0,162,39,22,1,0,0,0,0,0,0,0,0,0,0,0,0,0,0,0,0,0,0,0,0,0,0,0,0,0,0,0,0,0,0,0,0,0,0,0,0,0,0,0,0,0,0,0,0,0,0,0,0,6,68,231
MAPUTO_CIDADE,KATEMBE,"28,788",0,0,0,0,0,0,0,0,0,0,0,0,0,0,0,1,0,0,0,1,0,0,0,2,1,0,3,1,6,2,1,4,1,2,3,1,1,1,1,2,34,18,7,11,28,0,6,13,7,5,0,2,1,2,2,2,0,0,0,1,1,2,0,0,1,3,6,33,34,78,35,92,38,13,5,8,0,0,0,0,0,0,0,0,0,0,0,0,0,0,0,22,2,0,478,61,83,1,6,0,0,0,0,0,0,0,0,0,0,0,0,0,0,0,0,0,0,0,0,0,0,0,0,0,0,0,0,0,0,0,0,0,0,0,0,0,0,0,0,0,0,0,0,0,0,0,70,221,733
MAPUTO_CIDADE,NLHAMANKULU,"127,079",0,0,0,0,0,0,0,1,2,7,4,10,1,4,1,12,14,6,8,34,16,13,37,37,53,24,100,53,39,67,50,51,50,48,30,28,46,61,40,89,1036,247,222,374,392,564,354,354,239,147,125,124,15,23,34,33,31,12,13,15,13,4,12,11,56,121,387,679,387,799,895,673,285,158,72,50,4,19,5,3,0,3,5,3,3,0,0,4,9,131,451,529,234,8,9331,693,390,53,77,25,28,9,7,0,2,1,2,1,0,0,1,0,0,1,4,10,14,42,73,51,35,25,30,19,13,12,15,5,14,1,2,1,1,4,2,0,0,5,9,2,6,16,6,22,5,1,68,1803,12170
MAPUTO_PROVINCIA,BOANE,"210,367",0,0,0,0,0,0,0,0,0,0,0,0,0,0,0,0,1,5,6,19,34,5,19,10,13,9,11,18,7,20,22,10,2,13,20,17,8,14,4,7,294,41,168,143,232,105,186,81,61,73,35,18,0,3,5,13,5,12,5,15,1,7,7,5,31,128,60,101,218,147,364,146,76,26,9,10,7,0,2,0,0,0,0,0,0,0,0,0,2,30,69,119,161,0,2927,124,57,32,10,1,1,0,0,0,0,0,0,0,0,0,0,0,0,0,0,0,1,9,18,12,3,3,1,0,0,0,0,0,0,0,0,0,0,0,0,0,0,0,0,0,0,0,0,2,0,0,37,311,3532
MAPUTO_PROVINCIA,MAGUDE,"62,297",0,0,0,0,0,0,0,0,0,0,1,1,0,0,1,0,1,1,1,0,0,1,0,0,0,0,6,4,1,0,0,0,0,0,0,1,2,5,0,0,26,0,0,0,0,0,0,0,14,0,9,6,0,0,0,0,6,0,3,1,0,0,0,0,0,0,0,1,0,0,26,45,12,56,5,0,0,0,0,0,0,0,0,0,3,0,0,0,0,0,17,54,116,0,374,29,5,5,0,0,0,0,0,0,0,0,0,0,0,0,0,0,1,4,1,2,0,0,2,6,0,0,0,0,0,0,0,0,0,0,0,0,0,0,0,0,0,0,0,0,0,0,0,0,0,0,5,60,460
MAPUTO_PROVINCIA,MANHIÇA,"205,053",0,0,0,0,0,0,0,0,0,0,0,0,0,4,0,0,0,3,6,5,1,0,5,5,9,7,8,19,13,14,22,11,5,2,4,9,24,21,6,0,203,14,2,0,0,0,0,23,14,0,148,32,2,1,4,2,19,8,1,3,3,0,0,0,0,0,55,74,30,41,74,78,48,42,22,6,0,0,1,0,0,0,1,0,0,0,0,0,0,6,133,296,232,1,1416,243,112,35,22,7,2,0,1,2,0,0,0,0,0,0,0,0,0,0,2,2,0,0,9,0,3,3,0,1,2,0,0,0,0,0,0,0,0,0,0,0,0,0,0,0,0,0,0,0,0,0,13,459,2078
MAPUTO_PROVINCIA,MARRACUENE,"218,788",0,0,0,0,0,0,0,0,0,3,5,0,1,1,1,1,1,0,0,3,7,12,21,33,70,109,16,21,18,50,39,34,23,6,9,16,57,39,18,29,643,128,174,194,261,156,213,249,165,67,60,58,1,2,8,4,19,8,4,9,2,2,3,4,17,54,87,308,234,187,178,48,44,31,13,1,4,4,1,1,0,0,0,0,0,0,0,1,12,45,264,362,160,9,3856,122,38,34,16,5,5,0,5,1,0,0,0,0,0,0,0,0,1,1,1,4,12,7,8,10,7,7,0,1,0,2,0,0,0,0,0,0,1,1,0,1,2,0,1,0,0,3,0,1,0,1,9,307,4806
MAPUTO_PROVINCIA,MATOLA,"1,032,197",0,0,0,0,0,0,0,0,3,8,20,13,14,13,11,92,8,29,37,46,53,40,51,51,178,104,89,95,82,122,97,95,68,22,49,36,57,40,24,29,1676,124,280,359,341,314,261,223,270,293,172,87,10,14,9,23,32,8,8,6,9,11,32,35,43,254,276,528,949,1121,1115,659,211,100,58,32,22,11,6,4,2,3,1,0,1,1,1,1,35,201,1207,1656,1644,4,13067,1489,611,196,94,33,27,9,2,1,1,0,1,2,0,0,1,0,2,9,16,39,79,122,153,87,43,30,26,5,4,4,1,2,3,1,3,3,1,0,2,1,1,1,2,6,5,8,9,5,2,4,171,3317,18060
MAPUTO_PROVINCIA,MATUTUINE,"43,664",0,0,0,0,0,0,0,0,0,0,0,0,0,0,0,0,0,0,0,2,3,0,0,5,0,0,1,0,19,9,1,13,6,0,0,0,2,5,4,36,106,20,57,41,59,14,28,5,11,15,7,2,3,3,0,1,0,0,0,0,3,0,7,2,0,18,3,19,17,38,85,71,34,19,11,3,15,1,0,0,0,1,0,0,0,0,0,0,10,55,99,180,83,5,1045,66,34,15,2,3,3,1,1,0,0,0,0,0,0,0,0,0,0,1,3,6,1,5,18,9,3,11,2,1,0,0,2,0,0,0,0,0,3,0,0,0,2,0,0,0,9,3,1,3,0,0,13,221,1372
MAPUTO_PROVINCIA,MOAMBA,"88,583",0,0,0,0,0,0,0,0,0,2,4,0,0,0,0,1,2,11,4,9,29,0,15,14,21,15,3,0,0,2,0,1,2,0,1,11,2,5,1,0,155,12,55,100,11,0,34,19,65,90,11,17,0,2,0,4,1,5,1,9,3,1,59,9,9,19,5,115,97,182,225,266,23,37,6,14,2,0,3,0,0,0,0,0,0,0,0,0,21,77,79,154,126,0,1968,103,22,10,2,2,0,0,8,3,5,0,0,2,1,0,0,1,1,0,1,0,2,0,5,7,2,0,1,0,0,0,0,0,0,0,0,0,0,0,1,0,0,0,0,2,0,0,0,0,0,1,10,192,2315
MAPUTO_PROVINCIA,NAMAACHA,"47,129",0,0,0,0,0,0,0,0,0,0,0,0,0,0,0,0,2,10,6,30,4,0,5,6,6,2,2,0,11,3,3,1,0,5,2,0,0,0,3,5,106,21,23,55,31,18,47,12,7,43,8,10,0,2,4,3,1,0,1,1,1,0,3,3,4,23,6,33,78,91,203,161,54,15,12,7,6,2,1,0,0,0,0,0,0,0,0,0,0,14,35,71,176,9,1295,50,6,75,3,0,0,0,1,0,0,0,0,0,0,0,0,0,0,0,3,0,3,0,2,0,0,0,0,0,0,1,0,0,0,0,0,0,0,0,0,0,0,0,0,0,0,0,0,0,0,0,37,181,1582
NAMPULA,ANGOCHE,"347,176",0,0,0,0,0,0,0,0,0,0,0,0,0,0,0,1,0,0,0,0,0,0,0,0,0,0,0,0,0,0,0,0,0,0,0,0,0,0,0,0,1,0,0,0,2,0,2,0,10,0,0,2,0,0,0,0,0,0,0,0,0,0,0,0,0,0,0,1,0,0,0,0,2,2,15,7,7,1,2,0,0,0,0,0,0,0,0,0,0,0,0,1,53,0,107,50,50,8,0,0,0,0,0,0,0,0,0,0,0,0,0,0,0,0,0,0,0,0,0,0,0,0,0,0,0,0,0,0,0,0,0,0,0,0,0,0,0,0,0,0,0,0,0,0,0,0,5,113,221
NAMPULA,CIDADE DE NAMPULA,"760,214",0,0,0,0,0,0,0,3,11,101,52,37,54,36,25,19,15,17,11,18,5,15,11,7,22,8,2,3,4,4,3,2,10,10,6,5,7,8,67,52,650,175,91,135,166,129,89,221,230,90,193,150,15,30,97,104,8,10,11,25,6,8,7,11,7,11,13,34,77,82,127,158,322,421,324,287,155,84,37,22,19,8,2,5,3,3,4,1,6,4,10,151,522,7,4907,930,547,116,22,20,6,5,2,1,0,2,2,0,0,9,0,1,0,2,1,2,1,1,5,9,20,38,21,19,8,11,10,8,6,0,4,2,3,0,0,0,0,0,0,0,2,0,9,5,0,1,124,1975,7532
NAMPULA,ERATI,"387,713",0,0,0,0,0,0,0,0,0,0,0,0,0,0,0,0,0,0,0,0,0,0,0,0,0,0,0,0,0,1,1,0,0,0,0,0,0,0,0,0,2,0,0,0,0,0,2,5,15,3,4,2,1,0,0,2,0,0,0,2,5,0,0,0,0,0,0,0,0,0,2,0,2,4,29,20,13,14,1,0,0,0,0,0,0,0,0,0,0,0,0,0,16,0,142,1,0,0,0,0,0,0,0,0,0,0,0,0,0,0,0,0,0,0,0,0,0,0,0,0,0,0,0,0,0,0,0,0,0,0,0,0,0,0,0,0,0,0,0,0,0,0,0,0,0,0,0,1,145
NAMPULA,ILHA DE MOÇAMBIQUE,"64,577",0,0,0,0,0,0,0,0,0,0,0,0,0,0,0,4,2,3,0,2,1,1,0,0,0,0,0,0,0,0,0,0,0,0,0,0,0,0,0,0,13,0,0,0,0,0,0,6,3,1,1,0,0,0,0,0,1,0,0,0,0,0,0,0,0,0,0,0,0,0,1,0,2,0,2,0,1,0,1,0,0,0,2,0,0,0,13,0,0,0,0,0,24,0,58,11,0,1,1,0,0,0,0,0,0,0,0,0,0,0,0,0,0,0,0,0,0,0,0,0,0,0,0,0,0,0,0,0,0,0,0,0,0,0,0,0,0,0,0,0,0,0,0,0,0,0,0,13,84
NAMPULA,LALAUA,"107,369",0,0,0,0,0,0,0,0,0,0,0,0,0,0,0,0,0,0,0,0,0,0,0,0,0,0,0,0,0,0,0,0,0,0,0,0,0,0,0,0,0,0,0,0,0,0,0,0,4,1,0,0,0,0,0,0,0,0,0,0,0,0,0,0,0,0,0,0,2,0,0,6,5,4,30,34,13,18,2,0,0,0,0,0,0,0,0,0,0,0,0,0,15,0,134,0,12,2,6,2,2,0,0,0,0,0,0,0,0,0,0,0,0,0,0,0,0,0,0,0,0,0,0,0,0,0,0,0,0,0,0,0,0,0,0,0,0,0,0,0,0,0,0,0,0,0,0,24,158
NAMPULA,LARDE,"98,385",0,0,0,0,0,0,0,0,0,0,0,0,0,0,0,4,0,6,0,0,0,0,1,0,2,0,0,0,0,0,0,0,0,0,0,0,0,0,0,0,13,0,1,0,0,1,0,0,0,8,2,0,0,0,0,0,0,0,0,0,0,0,0,0,0,0,0,0,1,0,0,0,0,0,0,0,0,0,0,0,0,0,0,0,1,0,0,0,0,0,0,0,0,0,14,0,16,8,0,0,0,0,0,0,0,0,0,0,0,0,0,0,0,0,0,0,0,0,0,0,0,0,0,0,0,0,0,0,0,0,0,0,0,0,0,0,0,0,0,0,0,0,0,0,0,0,4,28,55
NAMPULA,LIUPO,"89,259",0,0,0,0,0,0,0,0,0,0,0,0,0,0,0,0,0,0,0,0,0,0,0,0,0,0,0,0,0,0,0,0,0,0,0,0,0,0,0,0,0,0,0,0,0,0,0,0,0,0,0,0,0,0,0,0,0,0,0,0,0,0,0,0,0,0,0,0,0,0,0,0,0,0,5,8,9,6,0,0,0,0,0,0,0,1,0,0,0,0,0,2,0,0,31,9,4,6,0,0,1,0,0,0,0,0,0,0,0,0,0,0,0,0,0,0,0,0,0,0,0,0,0,0,0,0,0,0,0,0,0,0,0,0,0,0,0,0,0,0,0,0,0,0,0,0,7,27,58
NAMPULA,MALEMA,"213,011",0,0,0,0,0,0,0,0,0,0,0,0,0,0,0,0,0,0,0,0,0,0,0,0,0,0,0,0,0,0,0,0,0,0,0,0,0,0,0,0,0,0,0,0,0,0,0,0,0,1,0,0,0,0,0,0,0,0,0,0,0,0,0,0,0,0,2,2,3,13,6,44,77,28,55,54,24,3,10,3,2,0,0,0,0,2,0,0,0,0,0,0,100,0,429,300,39,1,1,0,0,0,0,0,0,0,0,0,0,0,0,0,0,0,0,0,0,0,0,0,0,0,0,0,0,0,0,0,0,0,0,0,0,0,0,0,0,0,0,0,0,0,0,0,0,0,21,362,791
NAMPULA,MECONTA,"223,760",0,0,0,0,0,0,0,0,0,0,0,0,0,0,0,1,1,1,0,1,1,1,0,0,0,0,0,0,0,0,0,3,1,0,0,0,0,0,1,0,11,1,1,0,1,5,1,11,2,5,6,3,0,0,2,1,1,0,0,0,0,0,0,0,0,0,0,1,6,1,0,3,7,10,3,16,1,0,0,0,0,0,0,0,0,0,0,0,0,0,0,0,0,0,88,8,27,0,0,0,0,0,0,0,0,0,0,0,0,2,0,0,0,0,0,0,0,0,0,0,0,0,0,0,0,0,0,0,0,0,0,0,0,0,0,0,0,0,0,0,0,0,0,0,0,0,1,38,137
NAMPULA,MECUBURI,"207,285",0,0,0,0,0,0,0,0,0,0,0,0,0,0,0,0,0,0,0,0,0,0,0,0,0,0,0,0,0,0,0,0,0,0,0,0,0,0,0,0,0,0,0,1,0,0,0,0,1,1,0,1,0,0,0,3,0,0,0,0,0,0,0,0,0,0,0,0,0,0,0,0,0,3,13,20,2,0,1,3,1,0,0,0,0,0,0,0,0,0,0,0,0,0,50,129,21,0,0,0,0,0,0,0,0,0,0,0,0,0,0,0,0,0,0,0,0,0,0,0,0,0,0,0,0,0,0,0,0,0,0,0,0,0,0,0,0,0,0,0,0,0,0,0,0,0,0,150,200
NAMPULA,MEMBA,"328,460",0,0,0,0,0,0,0,0,0,0,0,0,0,0,0,0,0,0,0,0,0,0,0,0,0,0,0,0,0,0,0,0,0,0,0,0,0,0,0,0,0,0,1,0,0,0,0,0,0,0,1,0,0,0,0,0,0,0,0,0,0,0,0,0,0,0,0,0,0,0,0,0,0,0,0,0,0,0,0,0,0,0,2,0,0,0,0,0,0,0,0,0,0,0,4,66,41,0,0,0,0,0,0,0,0,0,0,0,0,0,0,0,0,0,0,0,0,0,0,0,0,0,0,0,0,0,0,0,0,0,0,0,0,0,0,0,0,0,0,0,0,0,0,0,0,0,11,118,122
NAMPULA,MOGINCUAL,"98,177",0,0,0,0,0,0,0,0,0,0,0,0,0,0,0,0,0,0,0,1,0,0,0,0,1,0,0,0,0,0,0,0,0,0,0,0,0,0,0,0,2,0,0,0,0,0,0,0,0,0,0,0,0,0,0,0,0,0,0,0,0,0,0,0,0,0,0,0,0,0,0,0,0,0,0,0,0,0,1,0,0,0,0,0,0,0,0,0,0,0,0,0,5,0,6,21,14,0,0,0,0,0,0,0,0,0,0,0,0,0,0,0,0,0,0,0,0,0,0,0,0,0,0,0,0,0,0,0,0,0,0,0,0,0,0,0,0,0,0,0,0,0,0,0,0,0,2,37,45
NAMPULA,MOGOVOLAS,"368,905",0,0,0,0,0,0,0,0,0,9,2,3,0,1,0,1,0,0,0,0,0,0,1,0,0,0,0,0,0,0,0,0,0,0,0,0,0,0,0,0,17,0,0,1,0,0,0,0,2,2,0,1,0,0,0,0,1,0,0,0,0,0,0,0,0,0,0,0,0,0,0,0,6,10,8,6,0,5,3,0,0,0,2,1,0,0,0,0,0,0,0,0,0,0,48,2,166,2,2,0,0,0,0,0,0,0,0,0,0,0,0,0,0,0,0,0,0,0,0,0,0,0,0,0,0,0,0,0,0,0,0,0,0,0,0,0,0,0,0,0,0,0,0,0,0,0,0,172,237
NAMPULA,MOMA,"324,442",0,0,0,0,0,0,0,0,0,0,0,0,0,0,0,2,0,0,0,0,0,0,0,0,0,1,0,0,0,0,0,0,0,0,0,0,0,0,0,0,3,0,0,0,0,1,0,3,5,3,0,0,0,0,0,0,0,0,0,0,0,0,0,0,0,0,0,0,0,0,0,0,1,3,9,13,10,3,8,1,0,0,0,0,0,0,0,0,0,0,0,0,0,0,60,96,22,5,0,0,0,0,0,0,0,0,0,0,0,0,0,0,0,0,0,0,0,0,0,0,0,0,0,0,0,0,0,0,0,0,0,0,0,0,0,0,0,0,0,0,0,0,0,0,0,0,0,123,186
NAMPULA,MONAPO,"393,813",0,0,0,0,0,0,0,0,0,0,0,0,0,0,0,0,0,0,1,0,0,0,0,0,0,0,0,0,0,0,0,0,0,0,0,0,0,0,0,0,1,0,0,0,1,6,0,13,6,9,0,2,0,0,0,0,0,0,0,0,0,0,0,0,0,0,0,0,0,2,0,3,30,2,62,26,19,9,3,3,3,1,0,0,0,0,0,0,0,0,0,2,41,0,243,0,2,0,0,0,0,0,0,0,0,0,0,0,0,0,0,0,0,0,0,0,0,0,0,0,0,0,0,0,0,0,0,0,1,1,1,0,0,0,0,0,0,0,0,0,0,0,0,0,0,0,11,16,260
NAMPULA,MOSSURIL,"174,641",0,0,0,0,0,0,0,0,0,0,0,0,0,0,0,0,0,1,5,0,2,0,0,0,0,0,0,0,0,0,0,0,0,0,0,0,0,0,0,2,10,0,0,1,11,3,0,3,6,2,0,1,0,0,0,0,0,0,0,0,0,0,0,0,0,0,1,0,0,0,0,0,0,5,2,1,0,2,2,1,0,0,1,0,0,0,0,0,0,0,0,0,0,0,42,7,11,0,0,0,0,0,0,0,0,0,0,0,0,0,0,0,0,0,0,0,0,0,0,0,0,0,0,0,0,0,0,0,0,0,0,0,0,0,0,0,0,0,0,0,0,0,0,0,0,0,0,18,70
NAMPULA,MUECATE,"134,280",0,0,0,0,0,0,0,0,0,0,0,0,0,0,0,0,0,0,0,0,0,0,0,0,0,0,0,0,0,0,0,0,0,0,0,0,0,0,1,0,1,0,0,0,0,0,0,0,2,4,6,2,0,0,0,0,0,0,0,0,0,0,0,0,0,0,0,1,0,0,0,0,2,1,3,6,0,1,0,0,0,0,0,0,0,0,0,0,0,0,0,0,0,0,28,13,4,1,0,2,0,0,0,0,0,0,0,0,0,0,0,0,0,0,0,0,0,0,0,0,0,0,0,0,0,0,0,0,0,0,0,0,0,0,0,0,0,0,0,0,0,0,0,0,0,0,0,20,49
NAMPULA,MURRUPULA,"184,732",0,0,0,0,0,0,0,0,0,0,0,0,0,0,1,0,0,1,0,0,0,0,0,0,0,0,0,0,0,0,0,0,0,0,0,0,0,0,0,0,2,0,0,0,0,2,0,6,2,0,15,3,0,0,3,0,0,0,0,0,0,0,0,0,0,0,0,0,0,1,0,0,11,3,5,13,4,6,6,4,1,1,1,0,0,0,0,0,0,0,0,0,20,0,107,90,0,0,0,0,0,0,0,0,0,0,0,0,0,0,0,0,0,0,0,0,0,0,0,0,0,0,0,0,0,0,0,0,0,0,0,0,0,0,0,0,0,0,0,0,0,0,0,0,0,0,0,90,199
NAMPULA,NACALA PORTO,"287,536",0,0,0,0,0,0,0,0,0,0,0,0,0,2,0,2,9,13,5,7,5,4,7,5,4,2,0,0,1,0,0,1,0,6,5,0,1,0,0,0,79,16,6,6,18,29,27,74,28,13,43,24,4,0,15,12,5,0,2,3,0,0,0,0,0,6,3,2,7,6,5,10,12,24,53,54,13,26,6,5,0,0,0,0,0,0,0,0,0,0,0,2,27,0,586,18,8,4,0,2,0,0,0,0,0,0,0,0,0,1,0,0,1,0,0,0,0,0,0,1,0,0,1,3,1,0,0,0,0,0,0,0,0,1,0,0,0,0,0,0,0,0,0,0,0,0,1,42,707
NAMPULA,NACALA-A-VELHA,"121,726",0,0,0,0,0,0,0,0,0,0,0,0,0,0,0,0,0,0,0,2,13,0,4,3,1,0,1,0,0,0,0,0,0,0,0,0,0,0,0,0,24,0,0,0,0,1,0,5,13,2,3,2,1,4,4,2,2,0,1,0,0,0,0,0,0,0,0,1,0,0,2,2,1,5,4,1,0,1,2,1,0,0,0,0,0,0,0,0,0,0,0,2,0,0,62,10,23,0,0,0,0,0,0,0,0,0,0,0,0,0,0,0,0,0,0,0,0,0,0,0,0,0,0,0,0,0,0,0,0,0,0,0,0,0,0,0,0,0,0,0,0,0,0,0,0,0,0,33,119
NAMPULA,NACAROA,"145,450",0,0,0,0,0,0,0,0,0,0,0,0,0,0,0,0,0,0,0,0,0,0,0,0,0,0,0,0,0,0,0,0,0,0,0,0,0,0,0,0,0,0,0,0,0,0,0,0,0,0,0,0,0,0,0,0,0,0,0,0,0,0,0,0,0,0,0,0,1,0,0,0,0,2,3,6,5,0,1,0,0,0,0,0,0,0,0,0,0,0,0,0,0,0,18,0,0,0,0,0,0,0,0,0,0,0,0,0,0,0,0,0,0,0,0,0,0,0,0,0,0,0,0,0,0,0,0,0,0,0,0,0,0,0,0,0,0,0,0,0,0,0,0,0,0,0,0,0,18
NAMPULA,RAPALE,"166,327",0,0,0,0,0,0,0,0,0,0,0,0,0,0,0,0,0,0,0,0,0,0,0,0,0,0,0,0,0,0,0,0,0,0,0,0,0,0,0,0,0,0,0,0,0,0,0,0,0,0,0,0,0,0,0,0,0,0,0,0,0,0,0,0,0,0,0,0,0,0,0,3,0,0,1,16,7,13,4,2,5,2,0,1,0,1,0,0,1,0,1,0,29,0,86,4,17,1,0,0,0,0,0,0,0,0,0,0,0,0,0,0,0,0,0,0,0,0,0,0,0,0,0,0,0,0,0,0,0,0,0,0,0,0,0,0,0,0,0,0,0,0,0,0,0,0,9,31,117
NAMPULA,RIBAUE,"256,144",0,0,0,0,0,0,0,0,0,0,0,0,0,0,0,0,0,0,0,0,0,0,0,0,0,0,0,0,0,0,0,0,0,0,0,0,0,0,0,0,0,0,0,0,0,0,0,0,2,1,1,0,0,0,0,0,0,0,0,0,0,0,0,0,0,1,1,2,2,1,3,6,7,10,9,16,7,4,0,1,0,1,0,0,0,0,0,0,0,0,0,0,30,0,105,53,13,3,4,0,0,1,0,0,0,0,0,0,0,0,0,0,0,0,0,0,0,0,0,0,0,0,0,0,0,0,0,3,0,0,2,0,6,0,0,0,0,0,0,0,0,1,0,0,0,0,6,92,197
NIASSA,CHIMBONILA,"72,503",0,0,0,0,0,0,0,0,0,0,0,0,0,0,0,0,0,0,0,0,0,0,0,0,0,0,0,0,0,0,0,0,1,0,0,0,1,1,1,0,4,1,12,0,7,1,0,3,4,2,1,4,0,0,0,2,1,0,0,0,0,1,0,0,0,0,1,3,24,4,10,16,10,10,1,1,6,1,0,0,0,0,0,0,0,0,0,0,0,0,0,0,11,0,137,0,1,0,0,0,0,0,0,0,0,0,0,0,0,0,0,0,0,0,0,0,0,0,0,0,0,0,0,0,2,0,0,0,0,0,0,0,0,0,0,0,0,0,0,0,0,0,0,0,0,0,0,3,144
NIASSA,CUAMBA,"267,928",0,0,0,0,0,0,0,0,0,0,0,1,0,0,0,0,0,0,0,0,0,2,0,1,5,2,2,0,2,0,1,0,0,0,0,3,5,0,21,0,45,13,14,10,30,38,0,27,17,6,9,7,0,0,4,0,6,0,4,2,0,0,1,6,0,2,0,4,27,31,114,0,19,126,75,24,7,0,17,0,1,0,0,0,0,0,0,0,0,1,1,8,28,0,679,179,1,8,1,2,0,0,0,0,0,0,0,0,0,0,0,0,0,0,0,0,0,0,0,0,0,0,0,1,0,1,0,1,0,0,0,0,0,0,0,0,0,0,0,0,0,0,0,0,0,0,7,201,925
NIASSA,LAGO,"106,968",0,0,0,0,0,0,0,0,0,0,0,0,0,0,0,0,0,0,0,0,0,0,1,2,0,0,0,0,0,0,0,0,2,0,0,0,1,0,1,0,7,1,3,0,17,1,4,10,22,0,8,1,0,0,0,0,1,1,0,2,1,2,0,0,1,0,0,0,21,1,21,29,15,13,20,7,4,0,0,0,0,0,0,0,0,0,0,0,0,0,0,0,4,0,210,14,5,7,4,0,0,0,0,0,0,0,0,0,0,0,0,0,0,0,0,0,0,0,0,0,0,0,0,0,0,0,0,0,0,0,0,0,0,0,0,0,0,0,0,0,0,0,0,0,0,0,0,30,247
NIASSA,LICHINGA,"242,204",0,0,0,0,0,0,0,0,1,3,0,0,5,0,1,6,7,5,4,3,3,0,81,17,19,9,4,0,1,3,1,2,1,0,6,5,26,13,7,6,239,49,82,139,353,126,70,84,51,32,42,62,2,2,11,11,29,2,5,6,7,3,1,1,1,32,22,83,229,189,409,304,319,255,393,39,216,139,69,69,13,2,2,1,3,5,1,2,2,0,4,51,200,0,4224,608,126,130,23,15,7,1,5,5,3,3,0,2,2,2,0,0,0,1,0,0,0,3,0,3,0,12,3,6,1,4,2,4,1,2,4,0,0,0,0,0,0,0,0,0,2,0,0,0,0,0,85,1065,5528
NIASSA,MAJUNE,"40,004",0,0,0,0,0,0,0,0,0,0,0,0,0,0,0,0,0,0,0,1,1,0,0,0,0,1,0,0,5,1,1,0,0,0,0,0,0,1,1,0,12,3,12,0,2,0,4,6,3,4,3,2,0,0,0,0,0,1,0,1,0,0,0,0,1,2,0,2,2,4,6,1,14,18,27,0,4,0,0,0,0,0,0,0,0,0,0,0,0,0,0,0,0,0,122,0,0,43,19,4,0,0,0,0,0,0,0,0,0,0,0,0,0,0,0,0,0,0,0,0,0,0,0,0,0,0,0,0,0,0,0,0,0,0,0,0,0,0,0,0,0,0,0,0,0,0,0,66,200
NIASSA,MANDIMBA,"211,979",0,0,0,0,0,0,0,0,0,1,0,0,0,0,0,0,0,0,0,0,1,0,0,0,2,1,1,3,0,0,0,0,0,0,0,0,3,0,0,0,12,1,0,0,2,6,23,11,16,11,15,9,0,0,5,4,1,3,6,1,1,2,0,0,1,4,0,14,7,30,88,32,47,18,2,2,6,0,1,0,0,0,0,0,0,0,0,0,0,0,0,0,21,0,390,111,10,12,0,0,2,0,1,1,0,1,0,0,0,0,0,0,0,0,0,0,0,0,0,0,0,6,3,0,0,0,0,0,0,0,0,0,0,0,0,0,0,0,0,0,0,0,0,0,0,0,7,154,556
NIASSA,MARRUPA,"77,808",0,0,0,0,0,0,0,0,0,0,0,0,0,0,0,0,0,0,0,0,0,0,0,0,0,2,4,0,4,0,0,0,0,0,0,0,0,0,0,0,10,2,3,9,8,5,17,20,8,5,5,0,0,1,0,0,1,0,1,0,1,2,0,0,0,2,0,9,13,4,13,12,40,41,25,10,10,12,0,0,0,2,0,0,0,0,0,0,0,0,0,0,0,0,281,0,0,2,0,0,0,0,0,0,0,0,0,0,0,0,0,0,0,0,0,0,0,0,0,0,0,0,0,0,0,0,0,0,0,0,0,0,0,0,0,0,0,0,0,0,0,0,0,0,0,0,0,2,293
NIASSA,MAUA,"68,260",0,0,0,0,0,0,0,0,0,0,0,0,0,0,0,0,0,0,0,0,0,0,0,5,4,4,0,0,0,0,0,0,0,0,0,0,0,0,4,0,17,5,25,27,0,1,0,1,1,0,1,0,0,0,0,2,0,0,0,0,1,2,1,0,1,2,1,0,9,1,12,24,2,12,6,3,3,10,8,0,0,3,1,2,0,0,0,0,0,0,0,0,0,0,167,12,30,12,6,0,1,0,0,0,0,0,0,0,0,0,0,0,0,0,0,0,0,0,0,0,0,0,0,0,0,0,0,0,0,0,0,0,0,0,0,0,0,0,0,0,0,0,0,0,0,0,0,61,245
NIASSA,MAVAGO,"29,933",0,0,0,0,0,0,0,0,0,0,0,0,0,0,0,0,0,0,0,0,0,0,0,0,0,0,0,0,0,0,0,0,0,0,0,0,0,0,0,0,0,0,0,0,0,0,0,0,0,0,0,0,0,0,0,0,0,0,0,0,0,0,0,0,0,0,0,0,0,0,0,0,22,2,0,1,0,0,0,0,0,0,0,0,0,0,0,0,0,0,0,0,0,0,25,3,0,0,0,0,0,0,0,0,0,0,0,0,0,0,0,0,0,0,0,0,0,0,0,0,0,0,0,0,0,0,0,0,0,0,0,0,0,0,0,0,0,0,0,0,0,0,0,0,0,0,0,3,28
NIASSA,MECANHELAS,"269,619",0,0,0,0,0,0,0,0,0,0,1,0,0,0,0,0,0,0,0,0,0,0,0,0,0,0,0,0,0,0,0,0,0,0,2,0,0,0,0,0,3,0,3,9,14,14,7,8,9,5,7,3,0,0,10,2,1,2,1,3,0,2,2,2,17,5,2,8,30,16,22,42,8,49,50,6,19,7,8,2,2,2,0,1,1,0,0,0,0,0,0,4,0,0,405,77,123,38,5,3,4,5,0,0,0,0,0,0,0,0,0,0,1,0,0,0,0,0,0,0,0,0,0,0,0,0,5,0,0,0,0,0,0,0,0,0,0,0,0,0,0,0,0,0,0,0,0,261,669
NIASSA,MECULA,"20,888",0,0,0,0,0,0,0,0,0,0,0,0,0,0,0,0,0,0,0,0,0,0,0,0,4,18,0,0,1,0,0,0,0,0,0,0,0,0,0,0,23,0,2,9,1,0,0,2,0,0,0,0,0,0,0,2,0,0,0,0,0,1,0,0,0,4,0,0,0,3,7,4,0,1,0,0,2,0,0,0,0,0,0,0,0,0,0,0,0,0,0,0,0,0,38,0,0,0,0,0,0,0,0,0,0,0,0,0,0,0,0,0,0,0,0,0,0,0,0,0,0,0,0,0,0,0,0,0,0,0,0,0,0,0,0,0,0,0,0,0,0,0,0,0,0,0,0,0,61
NIASSA,METARICA,"45,303",0,0,0,0,0,0,0,0,0,0,0,0,0,0,0,0,0,0,0,0,0,0,0,0,0,1,0,0,0,0,0,0,0,0,0,0,0,1,0,0,2,0,0,8,1,3,0,1,3,0,2,4,0,0,0,0,0,1,1,1,0,0,0,0,1,3,0,10,3,0,6,0,0,3,5,0,0,1,2,0,0,0,0,1,0,0,0,0,0,0,0,0,0,0,60,0,0,0,5,0,0,0,0,0,0,0,0,0,0,0,0,0,0,0,0,0,0,0,0,0,0,0,0,0,0,0,0,0,0,0,0,0,0,0,0,0,0,0,0,0,0,0,0,0,0,0,0,5,67
NIASSA,MUEMBE,"43,787",0,0,0,0,0,0,0,0,0,0,0,0,0,0,0,0,0,0,0,0,0,0,0,1,2,0,0,0,0,0,0,0,0,0,0,0,0,0,0,0,3,5,14,0,3,0,8,13,16,6,0,0,0,0,0,0,1,0,0,0,0,0,0,0,2,0,0,4,20,3,8,10,18,32,19,10,9,9,5,1,1,1,2,0,0,0,1,0,0,0,0,1,0,0,222,14,45,30,1,0,3,0,0,0,0,0,0,0,0,0,0,0,0,0,0,0,0,0,0,0,0,0,0,2,0,1,0,2,0,0,0,0,0,0,0,0,0,0,0,0,0,0,0,0,0,0,0,98,323
NIASSA,NGAUMA,"95,823",0,0,0,0,0,0,0,0,0,0,0,0,0,0,0,0,0,0,0,0,0,0,0,0,0,0,0,0,0,0,0,0,0,0,0,0,0,0,0,0,0,0,0,0,1,13,17,1,5,3,0,1,0,0,0,0,1,1,0,0,0,4,0,1,1,1,0,3,0,11,4,53,2,78,14,8,1,0,0,0,0,0,0,0,0,0,0,0,0,0,0,0,3,0,227,2,23,13,13,7,3,0,0,0,0,0,0,0,0,0,0,0,0,0,0,0,0,0,0,0,0,0,0,0,0,0,3,0,0,0,0,0,0,0,0,0,0,0,0,0,0,0,0,0,0,0,0,64,291
NIASSA,NIPEPE,"45,086",0,0,0,0,0,0,0,0,0,0,0,0,0,0,0,0,0,0,0,0,0,0,0,0,1,3,0,0,0,0,0,0,0,0,0,0,0,0,0,0,4,0,1,5,0,1,0,1,4,1,0,0,0,0,4,1,0,0,0,0,0,0,0,0,2,4,0,0,7,0,6,8,0,0,6,35,16,5,2,0,1,0,0,0,1,0,0,0,0,0,0,0,2,0,113,9,43,34,33,3,0,0,0,0,0,0,0,0,0,0,0,0,0,0,0,0,0,0,0,0,0,0,0,0,0,0,0,0,0,1,0,0,1,0,0,0,0,0,0,0,0,0,0,0,0,0,0,124,241
NIASSA,SANGA,"75,658",0,0,0,0,0,0,0,0,0,0,0,0,0,0,0,0,0,0,0,0,0,0,0,0,0,1,0,1,0,0,0,0,0,0,0,0,0,0,0,0,2,0,18,9,0,0,0,2,20,19,0,0,0,0,0,4,1,0,0,0,0,1,0,0,1,0,0,2,1,0,4,0,1,3,4,0,1,0,1,0,0,1,0,0,0,0,0,0,0,0,0,0,2,0,95,23,4,6,2,0,0,0,0,0,0,0,0,0,0,0,0,0,0,0,0,0,0,0,0,0,0,0,0,0,0,0,0,0,0,0,0,0,0,0,0,0,0,0,0,0,0,0,0,0,0,0,0,35,132
SOFALA,BEIRA,"592,090",0,0,0,0,0,0,0,2,2,0,2,0,4,1,2,3,1,22,3,21,16,18,13,32,17,22,27,46,84,66,59,45,30,19,35,20,11,32,16,11,682,229,217,250,480,764,857,526,309,364,94,72,41,53,0,11,27,22,13,17,1,6,8,14,32,133,369,214,291,452,652,586,172,19,35,21,11,12,9,4,1,0,2,0,1,3,0,1,1,7,53,424,1262,16,9158,1018,367,99,24,31,10,3,6,1,1,0,0,1,0,0,0,0,0,1,2,1,0,1,5,15,10,20,26,26,6,16,4,5,2,1,1,3,5,2,0,0,5,0,2,0,0,1,5,7,1,6,317,2057,11897
SOFALA,BUZI,"177,415",0,0,0,0,0,0,0,0,0,0,0,1,0,1,5,0,0,2,2,0,0,0,0,0,1,0,0,0,0,0,0,0,0,0,1,1,0,0,0,0,14,1,0,1,12,0,1,0,4,3,31,0,0,0,0,0,0,1,0,0,0,0,0,0,0,0,0,0,0,0,5,13,8,4,4,3,0,2,0,0,0,0,0,0,0,0,0,0,1,3,0,5,14,0,116,73,145,46,30,15,0,0,0,0,0,0,0,0,0,0,0,0,0,0,0,0,0,0,0,0,0,0,0,0,0,0,0,0,0,0,0,0,0,0,0,0,0,0,0,0,0,0,0,0,0,0,31,340,470
SOFALA,CAIA,"158,256",0,0,0,0,0,0,0,0,0,0,0,0,0,0,0,0,0,0,0,0,0,0,0,0,0,0,0,0,0,0,0,0,0,0,0,0,0,0,0,0,0,0,0,1,1,12,2,8,2,3,5,0,0,0,0,0,0,0,3,0,0,0,0,0,1,1,22,0,1,0,5,64,7,0,0,2,0,0,0,0,0,0,0,0,0,0,0,0,0,0,0,0,44,0,184,207,49,24,0,8,0,0,0,0,0,0,0,0,0,0,0,0,0,0,0,0,0,0,0,0,0,0,0,0,0,0,0,0,0,0,0,0,0,0,0,0,0,0,0,0,0,0,0,0,0,0,1,289,473
SOFALA,CHEMBA,"83,257",0,0,0,0,0,0,0,0,0,0,0,0,0,0,0,0,0,0,0,0,0,0,0,0,0,0,0,0,0,0,0,0,0,0,0,0,0,0,0,0,0,0,0,0,0,10,0,3,0,0,0,0,0,0,0,0,0,0,0,0,0,0,0,0,0,0,0,0,0,1,0,5,7,2,6,0,1,0,0,0,0,0,0,0,0,0,0,0,0,0,0,1,6,0,42,91,93,18,3,0,0,0,0,0,0,0,0,0,0,0,0,0,0,0,0,0,0,0,0,0,0,0,0,0,0,0,6,0,0,0,0,0,0,0,0,0,0,0,0,0,0,0,0,0,0,0,30,241,283
SOFALA,CHERINGOMA,"57,572",0,0,0,0,0,0,0,0,0,0,0,0,0,0,0,0,0,0,1,1,0,0,0,0,0,0,0,0,0,0,0,0,0,0,0,0,0,0,0,0,2,0,0,0,0,0,0,0,4,0,1,0,0,0,0,0,0,0,0,0,0,0,0,0,0,0,0,0,0,10,10,20,33,4,1,0,0,0,0,0,0,0,0,0,0,0,0,0,0,0,0,2,42,0,127,91,23,27,0,0,0,0,0,0,0,0,0,0,0,0,0,0,0,0,0,0,0,0,0,0,0,0,0,0,0,0,0,0,0,0,0,0,0,0,0,0,0,0,0,0,0,0,0,0,0,0,0,141,270
SOFALA,CHIBABAVA,"135,202",0,0,0,0,0,0,0,0,0,0,0,0,1,0,0,0,1,2,0,2,1,1,0,0,0,0,0,0,0,0,0,0,0,0,0,0,0,0,0,0,8,0,0,0,0,0,3,6,0,0,0,0,0,0,0,0,0,0,0,0,0,0,0,0,0,0,0,0,0,0,0,3,6,2,2,0,0,0,0,0,0,0,0,0,0,0,0,0,0,0,12,20,71,0,125,175,65,22,0,0,0,0,0,0,0,0,0,0,0,0,0,0,0,0,0,0,0,0,0,0,0,0,0,0,0,0,0,0,0,0,0,0,0,0,0,0,0,0,0,0,0,0,0,0,0,0,0,262,395
SOFALA,DONDO,"193,382",0,0,0,0,0,0,0,0,0,0,1,0,0,1,1,0,0,4,0,0,0,0,1,1,0,0,0,0,0,1,2,3,0,0,0,0,1,0,1,0,17,2,0,1,5,17,11,17,8,29,11,0,0,1,0,1,0,1,1,0,2,0,0,1,1,1,4,3,4,1,57,48,11,0,0,2,0,0,0,0,0,0,0,0,0,0,0,0,0,1,0,32,180,0,453,80,9,3,1,1,0,0,1,0,0,0,0,0,0,0,0,0,0,0,0,0,1,0,1,3,11,15,19,28,21,19,7,10,6,4,8,3,24,5,1,10,9,4,6,6,2,16,7,1,4,3,37,386,856
SOFALA,GORONGOZA,"176,845",0,0,0,0,0,0,0,0,0,0,0,0,0,0,0,0,0,0,0,0,0,0,0,0,0,0,0,0,0,0,0,0,0,0,0,0,0,0,0,0,0,16,10,12,11,47,35,0,0,9,1,0,0,0,0,0,2,0,0,0,0,0,0,0,0,0,0,0,2,0,5,1,1,0,0,0,0,0,0,0,0,0,0,0,0,0,0,0,0,0,0,1,42,0,195,32,5,0,1,0,0,0,0,0,0,0,0,0,0,0,0,0,0,0,0,0,0,0,0,0,0,0,0,0,0,0,0,0,0,0,0,0,0,0,0,0,0,0,0,0,0,0,0,0,0,0,8,46,241
SOFALA,MACHANGA,"55,848",0,0,0,0,0,0,0,0,0,0,0,0,0,0,0,0,0,0,0,1,0,0,0,0,0,0,0,0,0,0,0,0,0,0,0,0,0,0,0,0,1,0,0,0,0,0,7,5,0,4,0,0,0,0,0,0,0,0,0,1,0,0,0,0,0,0,0,0,0,0,1,1,7,0,0,0,0,0,0,0,0,0,0,0,0,0,0,0,0,0,0,0,39,0,65,39,6,2,5,0,0,0,0,0,0,0,0,0,0,0,0,0,0,0,0,0,0,0,0,0,0,0,0,0,0,0,0,0,0,0,0,0,0,0,0,0,0,0,0,0,0,0,0,0,0,0,15,67,133
SOFALA,MARINGUE,"95,362",0,0,0,0,0,0,0,0,0,0,0,0,0,0,0,0,0,0,0,0,0,0,0,0,0,0,0,0,0,0,0,0,0,0,0,0,0,0,0,0,0,0,0,0,0,0,7,2,4,0,1,0,0,1,0,0,0,0,0,0,0,0,0,0,0,0,3,0,0,1,2,5,12,2,3,1,0,0,1,0,0,0,0,0,0,0,1,0,0,0,1,0,2,0,49,85,57,53,12,8,3,2,1,0,0,0,1,0,0,0,5,0,0,0,0,0,1,0,0,0,0,0,0,0,0,0,0,0,0,0,0,0,0,0,0,0,0,0,0,0,0,0,0,0,0,0,17,245,294
SOFALA,MARROMEU,"154,361",0,0,0,0,0,0,0,0,0,0,0,0,0,0,0,0,0,0,0,0,0,0,0,0,0,0,0,0,2,1,0,1,0,0,0,0,0,0,0,0,4,0,0,0,0,0,0,0,0,0,0,0,0,1,0,0,0,0,0,0,0,0,0,0,0,0,0,0,0,7,30,29,8,4,1,0,0,0,0,0,0,0,0,0,0,0,0,0,0,0,0,0,0,0,80,26,1,0,0,0,0,0,0,0,0,0,0,0,0,0,0,0,0,0,0,0,0,0,0,0,0,0,0,0,0,0,0,0,0,0,0,0,0,0,0,0,0,0,0,0,0,0,0,0,0,0,0,27,111
SOFALA,MUANZA,"38,174",0,0,0,0,0,0,0,0,0,0,0,0,0,0,0,0,0,1,0,2,0,0,0,0,0,0,0,0,0,0,0,0,0,0,0,0,0,0,0,0,3,0,0,0,0,0,0,0,4,0,4,0,0,0,0,0,0,1,0,0,0,0,0,0,0,0,0,0,0,3,4,2,4,0,1,0,0,0,0,0,0,0,0,0,0,0,0,0,0,0,0,0,0,0,23,18,17,11,4,0,0,0,0,0,0,0,0,0,0,0,0,0,0,0,0,0,0,0,0,0,0,0,0,0,0,0,0,0,0,0,0,0,0,0,0,0,0,0,0,0,0,0,0,0,0,0,0,50,76
SOFALA,NHAMATANDA,"279,081",0,0,0,0,0,0,0,0,0,0,0,0,0,1,0,0,3,7,0,4,1,11,0,0,0,0,0,0,1,0,0,0,0,0,1,1,0,3,2,0,35,3,0,0,0,2,91,11,25,17,0,1,0,1,0,0,2,0,0,0,0,0,0,0,0,6,2,0,0,0,4,15,9,1,1,0,0,0,0,0,0,0,0,0,0,0,0,0,0,0,0,6,44,0,241,44,17,3,0,1,0,0,1,0,0,0,0,0,0,0,0,0,0,0,0,0,0,0,0,0,0,0,0,0,0,0,0,0,0,0,0,0,0,0,0,0,0,0,0,0,0,0,0,0,0,0,19,85,361
SOFALA,SENA,"48,317",0,0,0,0,0,0,0,0,0,0,0,0,0,0,0,0,0,0,0,0,0,0,0,0,0,0,0,0,0,0,0,0,0,0,0,0,0,0,0,0,0,0,0,0,0,0,0,0,0,1,0,0,0,0,0,0,0,0,0,0,0,0,0,0,0,0,0,0,0,0,0,0,0,0,0,0,0,0,0,0,0,0,0,0,0,0,0,0,0,0,0,0,0,0,1,0,0,0,0,0,0,0,0,0,0,0,0,0,0,0,0,0,0,0,0,0,0,0,0,0,0,0,0,0,0,0,0,0,0,0,0,0,0,0,0,0,0,0,0,0,0,0,0,0,0,0,0,0,1
TETE,ANGONIA,"472,164",0,0,0,0,0,0,0,0,0,0,0,0,0,0,0,0,0,0,0,3,5,1,0,0,2,21,2,10,0,0,0,0,0,0,0,0,0,0,0,0,44,1,0,4,0,5,27,13,4,1,2,1,0,0,0,0,0,1,1,0,2,0,1,0,0,2,72,118,73,73,32,45,17,6,3,2,0,0,0,0,0,0,0,0,0,0,0,0,0,0,0,7,0,0,513,11,54,5,1,0,0,0,0,0,0,0,0,0,0,0,0,0,0,0,0,0,0,0,0,0,0,0,0,0,0,0,0,0,0,0,0,0,0,0,0,0,0,0,0,0,0,0,0,0,0,0,1,72,629
TETE,CAHORA BASSA,"128,768",0,0,0,0,0,0,0,0,0,0,0,0,0,2,9,4,2,0,1,0,2,0,0,1,1,9,4,2,0,1,4,0,1,2,3,0,0,3,0,29,80,11,10,16,9,1,34,45,6,0,8,0,0,0,0,0,10,0,1,2,2,0,0,2,10,7,42,165,51,21,17,7,7,3,0,1,0,1,0,0,0,0,0,0,0,0,0,0,0,0,1,13,65,0,568,59,24,13,0,0,0,0,0,0,0,0,0,0,0,0,0,0,0,0,0,0,0,0,0,0,0,0,2,10,4,3,3,0,0,0,0,0,0,0,0,0,0,0,0,0,0,0,0,0,0,0,0,118,766
TETE,CHANGARA,"123,056",0,0,0,0,0,0,0,1,1,1,0,0,0,0,0,0,0,0,0,0,0,0,0,0,2,0,0,0,0,1,0,0,0,0,0,0,0,0,0,0,6,2,0,2,1,1,29,21,6,1,1,2,0,0,4,0,0,0,0,0,1,0,0,1,24,37,52,57,38,10,6,3,1,0,0,0,0,0,0,0,0,0,0,0,0,0,0,0,0,0,0,2,5,0,307,24,20,20,3,1,1,0,0,0,0,0,0,0,0,0,0,0,0,0,0,0,0,0,0,0,0,0,0,0,0,0,0,0,0,0,0,0,0,0,0,0,0,0,0,0,0,0,0,0,0,0,1,70,383
TETE,CHIFUNDE,"157,647",0,0,0,0,0,0,0,0,0,0,0,0,0,0,0,0,0,0,0,0,0,0,0,0,0,0,0,0,0,0,0,0,0,0,0,0,0,0,0,0,0,15,0,0,6,0,18,8,2,1,1,4,0,1,0,0,0,0,0,0,0,0,0,0,0,0,5,97,21,88,20,8,1,3,0,0,0,0,0,0,0,0,0,0,0,0,0,0,0,0,0,0,1,0,300,14,21,0,1,3,0,0,1,1,0,1,0,0,0,0,0,0,0,0,0,0,0,0,0,0,0,0,0,0,0,0,0,0,0,0,0,0,0,0,0,0,0,0,0,0,0,0,0,0,0,0,0,42,342
TETE,CHIUTA,"101,341",0,0,0,0,0,0,0,0,0,0,0,0,0,0,0,0,0,0,0,0,0,0,0,0,10,4,0,1,0,0,0,0,0,0,0,0,0,0,0,0,15,6,0,1,21,0,0,5,9,3,1,6,0,0,0,0,1,0,0,0,0,0,0,0,3,1,71,126,140,14,17,1,2,3,0,0,0,0,0,0,0,0,0,0,0,0,0,0,0,0,0,0,29,0,460,3,7,0,0,0,0,0,0,0,0,0,0,0,0,0,0,0,0,0,0,0,0,0,0,0,0,0,0,0,0,0,0,0,0,0,0,0,0,0,0,0,0,0,0,0,0,0,0,0,0,0,0,10,485
TETE,CIDADE DE TETE,"307,338",0,0,0,0,0,0,0,1,1,0,0,0,1,4,2,0,3,1,2,1,1,3,6,14,46,22,11,23,20,7,29,19,11,5,4,15,8,15,1,8,284,66,64,153,121,160,185,129,97,28,23,52,10,101,40,4,17,2,4,6,7,7,49,91,255,341,711,606,372,224,65,37,24,7,9,11,7,5,4,1,3,1,0,0,4,1,0,0,5,4,19,114,399,0,4645,391,163,42,24,13,12,2,11,7,5,2,4,2,0,1,2,3,0,0,1,0,0,0,2,6,3,5,9,5,11,10,4,15,13,6,7,14,8,1,2,0,2,1,0,1,0,0,1,0,0,1,21,833,5762
TETE,DOA,"87,077",0,0,0,0,0,0,0,0,0,0,0,0,0,0,0,0,0,0,0,0,0,0,1,0,0,0,1,0,0,0,1,0,0,0,0,0,0,0,0,1,4,0,0,0,0,0,2,4,1,0,0,0,0,0,0,0,0,0,0,0,0,0,0,0,0,0,16,36,14,4,0,0,0,0,0,0,0,0,0,0,0,0,0,0,0,0,0,0,0,0,0,0,0,0,77,17,46,4,2,0,0,0,0,0,0,0,0,0,0,0,0,0,0,0,0,0,0,0,0,0,0,0,0,0,0,0,0,0,0,0,0,0,0,0,0,0,0,0,0,0,0,0,0,0,0,0,0,69,150
TETE,MACANGA,"158,881",0,0,0,0,0,0,0,0,0,0,0,0,0,0,1,0,0,0,0,0,0,0,0,0,0,9,0,0,0,0,0,0,0,0,0,0,0,0,0,0,10,0,0,0,5,13,14,11,10,0,2,1,0,0,4,0,0,0,1,0,0,2,0,0,0,6,17,126,54,19,22,9,4,0,0,0,0,1,0,0,0,0,0,0,0,0,0,0,0,0,0,0,3,0,324,51,12,3,0,0,0,0,0,2,0,0,0,0,0,0,0,0,0,0,0,0,0,0,0,0,0,0,0,0,0,0,0,0,0,0,0,0,0,0,0,0,0,0,0,0,0,0,0,0,0,0,0,68,402
TETE,MAGOE,"89,273",0,0,0,0,0,0,0,0,0,0,0,0,0,0,0,0,0,0,0,0,0,0,0,1,0,23,2,0,4,0,0,0,0,0,0,0,0,0,0,1,31,6,4,0,15,0,7,7,7,3,1,0,0,0,0,0,2,0,0,0,0,1,0,0,0,1,20,44,18,11,4,0,1,0,0,0,0,0,0,0,0,0,0,0,0,0,0,0,0,0,0,2,2,0,156,23,24,0,0,0,0,0,0,0,0,0,0,0,0,0,0,0,0,0,0,0,0,0,0,0,0,0,0,0,0,0,0,0,0,0,0,0,0,0,0,0,0,0,0,0,0,0,0,0,0,0,0,47,234
TETE,MARARA,"73,044",0,0,0,0,0,0,0,0,0,0,0,3,0,0,0,0,0,0,1,1,0,0,0,0,0,5,1,9,0,0,0,0,0,0,0,0,0,0,0,1,21,0,2,3,16,0,4,17,1,1,1,5,0,0,1,0,7,0,0,0,0,0,8,10,17,8,47,75,20,9,1,0,0,0,0,0,0,0,0,0,0,0,0,0,0,0,0,0,0,0,0,13,28,0,294,24,12,14,3,4,5,0,1,0,0,0,0,0,0,0,0,0,0,0,0,0,0,0,0,0,0,0,0,0,0,0,0,0,0,0,0,0,0,0,0,0,0,0,0,0,0,0,0,0,0,0,0,63,378
TETE,MARAVIA,"126,630",0,0,0,0,0,0,0,0,0,0,0,0,0,0,0,0,0,0,2,0,0,0,0,0,14,19,0,0,0,0,0,0,0,0,0,0,0,0,0,0,35,11,0,0,2,0,0,10,3,2,0,0,0,0,2,0,0,0,0,0,0,0,0,0,0,0,0,0,0,0,0,0,0,0,0,0,0,0,0,0,0,0,0,0,0,0,0,0,0,0,0,7,0,0,37,0,0,16,0,1,3,0,3,0,0,0,0,0,0,0,0,0,0,0,0,0,0,0,0,0,0,0,0,0,0,0,0,0,0,0,0,0,0,0,0,0,0,0,0,0,0,0,0,0,0,0,0,23,95
TETE,MOATIZE,"260,843",0,0,0,0,0,0,0,0,0,0,11,1,0,0,0,0,0,0,2,0,0,0,0,0,2,4,0,0,1,0,0,0,0,0,1,0,0,1,2,1,26,4,0,11,20,10,66,30,14,1,27,0,0,0,1,0,1,0,0,1,0,5,15,10,50,38,83,159,53,36,16,2,1,1,3,1,0,1,1,0,0,0,0,1,0,0,0,0,0,0,0,2,0,0,664,39,72,16,0,3,1,0,0,0,0,0,0,0,0,0,0,0,0,0,0,0,0,0,0,0,0,0,0,0,0,0,0,0,0,0,0,0,0,0,0,0,0,0,0,0,0,0,0,0,0,0,0,131,821
TETE,MUTARARA,"168,058",0,0,0,0,0,0,0,0,0,0,0,0,0,1,1,0,0,0,0,0,0,0,0,1,0,1,1,2,4,0,0,0,0,0,0,0,0,0,0,0,11,3,0,0,3,0,3,6,3,0,2,2,0,1,2,4,8,0,0,0,0,2,1,0,4,0,47,97,104,34,11,9,7,3,2,3,1,0,0,0,0,0,0,0,0,0,0,0,0,0,0,0,0,0,362,0,11,1,0,0,0,0,0,0,0,0,0,0,0,0,0,0,0,0,0,0,0,0,0,0,0,0,0,0,0,0,0,0,0,0,0,0,0,0,0,0,0,0,0,0,0,0,0,0,0,0,0,12,385
TETE,TSANGANO,"214,560",0,0,0,0,0,0,0,0,0,0,0,0,0,0,0,0,0,0,1,0,0,0,0,0,0,0,0,0,0,0,0,0,0,0,0,0,0,0,0,0,1,0,0,5,1,1,6,0,2,1,0,1,0,0,0,0,0,0,0,0,0,0,0,1,0,0,6,51,73,0,4,9,2,0,0,0,0,0,0,0,0,0,0,0,0,0,0,0,0,0,0,0,0,0,163,64,45,20,0,0,0,0,0,0,0,0,0,0,0,0,0,0,0,0,0,0,0,0,0,0,0,0,0,0,0,0,0,0,0,0,0,0,0,0,0,0,0,0,0,0,0,0,0,0,0,0,0,129,293
TETE,ZUMBO,"83,144",0,0,0,0,0,0,0,0,0,0,0,0,0,0,0,0,0,0,0,0,0,0,0,0,0,2,1,1,0,0,0,0,0,0,0,0,0,0,0,0,4,0,0,0,0,0,0,8,2,0,1,0,0,0,0,0,0,0,0,0,0,0,0,0,0,0,3,22,10,14,5,3,2,0,0,0,0,0,0,0,0,0,0,0,0,0,0,0,0,0,0,0,0,0,70,16,9,0,0,0,2,4,7,7,0,0,0,0,0,0,0,0,0,0,0,0,0,0,0,0,0,0,0,0,0,0,0,0,0,0,0,0,0,0,0,0,0,0,0,0,0,0,0,0,0,0,0,45,119
ZAMBEZIA,ALTO MOLOCUE,"341,184",0,0,0,0,0,0,0,0,0,0,0,0,0,0,0,0,0,0,0,0,0,1,0,0,2,8,11,0,0,1,0,0,0,0,0,1,0,0,0,0,24,0,0,4,0,3,1,0,12,0,0,3,0,2,0,3,1,0,0,0,0,0,0,0,0,1,0,1,1,3,0,2,6,12,5,4,2,2,6,0,0,11,0,0,0,0,0,0,3,0,0,4,50,0,142,130,55,1,8,1,0,0,0,0,0,0,0,0,0,0,0,0,0,0,0,0,0,0,0,0,0,0,0,1,0,0,0,3,1,0,0,1,0,2,0,0,0,0,0,0,0,0,0,0,0,0,0,203,369
ZAMBEZIA,CHINDE,"85,408",0,0,0,0,0,0,0,0,0,0,0,0,0,0,0,0,0,0,0,0,0,0,0,0,0,5,1,0,0,0,0,1,2,0,1,0,5,0,0,0,15,0,0,1,0,0,0,0,0,0,0,0,0,0,0,1,2,0,0,1,0,0,0,0,0,1,0,1,1,0,0,0,1,1,1,2,5,1,1,0,0,0,0,0,0,0,0,0,0,0,0,0,11,0,31,54,64,7,2,0,0,0,0,0,0,0,0,0,0,0,0,0,0,0,0,0,0,0,0,0,0,0,0,0,0,0,0,0,0,0,0,0,0,0,0,0,0,0,0,0,0,0,0,0,0,0,6,133,179
ZAMBEZIA,DERRE,"107,980",0,0,0,0,0,0,0,0,0,0,0,0,0,0,0,0,0,0,0,0,0,0,0,0,2,10,0,0,2,4,0,0,0,0,0,1,0,0,0,0,19,0,0,0,11,0,0,0,1,0,0,0,0,0,0,0,0,0,0,0,1,0,0,0,0,0,1,0,0,2,0,15,35,1,0,0,0,0,0,0,0,0,0,0,0,0,0,0,0,0,0,0,19,0,86,13,14,14,0,0,0,0,0,0,0,0,0,0,0,0,0,0,0,0,0,0,0,0,0,0,0,0,0,0,1,0,0,0,0,0,0,0,0,0,0,0,0,0,0,0,0,0,0,0,0,0,0,42,147
ZAMBEZIA,GILÉ,"222,387",0,0,0,0,0,0,0,0,0,0,0,0,0,0,0,0,0,0,0,1,0,0,0,0,18,17,0,0,0,0,0,1,0,0,0,3,0,0,0,0,40,0,6,3,13,1,5,2,6,0,0,0,0,0,0,0,1,1,0,1,0,0,0,0,0,0,0,0,0,0,0,10,0,1,11,0,0,0,0,0,11,0,4,1,1,0,0,0,2,0,0,0,13,0,93,56,87,23,0,0,9,0,0,0,0,0,0,0,0,0,0,0,0,0,0,0,0,0,0,0,0,0,0,0,0,0,0,0,0,0,0,0,0,0,0,0,0,0,0,0,0,0,0,0,0,0,1,176,309
ZAMBEZIA,GURUÉ,"420,869",0,0,0,0,0,0,0,0,0,0,0,0,0,0,0,0,0,0,2,3,0,0,0,0,0,0,0,2,2,0,1,0,0,0,0,0,0,0,0,0,10,4,5,7,16,14,5,3,3,1,0,1,0,0,2,9,2,4,0,0,2,0,0,1,0,0,0,1,0,0,12,14,29,25,7,4,0,0,0,0,0,0,0,1,0,2,0,0,0,0,0,18,31,0,223,0,0,1,0,0,0,0,2,0,0,0,0,0,0,0,0,0,0,0,0,0,0,0,0,0,1,0,0,0,0,0,0,0,0,0,0,0,0,0,0,0,0,0,0,0,0,0,0,0,0,0,0,4,237
ZAMBEZIA,ILE,"188,787",0,0,0,0,0,0,0,0,0,0,0,0,0,0,0,1,0,0,0,0,0,0,0,0,0,4,3,2,0,0,0,0,1,0,0,0,0,0,0,0,11,2,0,22,9,2,4,4,10,0,1,1,0,0,0,0,0,0,0,0,1,0,0,0,0,0,0,1,0,1,0,0,6,3,15,1,1,1,0,0,0,0,0,1,0,0,0,0,0,0,0,0,5,0,91,22,34,4,14,0,0,2,0,4,0,0,0,0,0,0,0,0,0,0,0,0,0,0,0,0,0,0,0,0,0,0,0,0,0,0,0,0,0,0,0,0,0,0,0,0,0,0,0,0,0,0,7,87,189
ZAMBEZIA,INHASSUNGE,"91,653",0,0,0,0,0,0,0,0,0,0,0,0,0,0,0,0,0,0,0,0,1,0,0,0,2,6,0,0,0,2,0,1,0,1,2,2,0,1,1,0,19,5,1,3,11,1,20,0,3,0,3,2,0,0,0,1,0,0,0,0,0,0,0,0,0,0,0,0,0,0,2,12,61,45,52,19,2,4,0,0,0,0,0,0,0,0,0,0,1,0,0,0,42,0,290,69,0,7,0,0,0,0,1,0,0,0,0,0,0,0,0,0,0,0,0,0,0,0,0,0,0,0,0,0,0,0,0,0,0,0,0,0,0,0,0,0,0,0,0,0,0,0,0,0,0,0,0,77,386
ZAMBEZIA,LUABO,"54,253",0,0,0,0,0,0,0,0,0,0,0,0,0,0,0,0,0,0,0,0,0,0,0,0,0,0,0,0,0,0,0,0,0,0,0,0,0,0,0,0,0,0,0,0,0,0,0,0,0,0,0,0,0,0,0,0,0,0,0,0,0,0,0,0,0,0,0,0,0,0,0,13,0,0,0,0,0,0,0,0,0,0,0,0,0,0,0,0,0,0,0,0,14,0,27,66,37,22,2,0,0,0,0,0,0,0,0,0,0,0,0,0,0,0,0,0,0,0,0,0,0,0,0,0,0,0,0,0,0,0,0,0,0,0,0,0,0,0,0,0,0,0,0,0,0,0,5,132,159
ZAMBEZIA,LUGELA,"188,659",0,0,0,0,0,0,0,0,0,0,0,0,0,0,0,0,0,0,0,0,0,0,0,0,0,1,0,0,0,0,0,0,0,0,0,0,0,0,0,0,1,0,0,0,0,0,1,0,0,1,1,0,0,0,0,0,0,0,0,0,0,0,6,0,0,0,0,1,0,2,6,16,0,9,0,7,19,8,1,1,0,0,0,0,0,0,0,0,0,0,0,0,4,0,83,47,21,28,0,0,3,0,0,0,0,0,0,0,0,0,0,0,0,0,0,0,0,0,0,0,0,0,0,0,0,0,0,0,0,0,0,0,0,0,0,0,0,0,0,0,0,0,0,0,0,0,5,104,188
ZAMBEZIA,MAGANJA DA COSTA,"183,504",0,0,0,0,0,0,0,0,0,0,0,0,0,0,1,0,0,0,0,0,0,0,0,0,0,4,1,3,3,0,0,1,0,0,0,0,3,0,13,2,31,5,13,5,3,0,2,0,4,6,2,10,0,0,0,0,2,2,1,1,4,0,0,0,0,0,0,3,1,4,10,51,32,17,10,11,0,1,5,0,0,0,0,0,0,0,0,0,0,0,0,0,15,0,220,26,101,30,9,0,0,0,0,0,0,0,0,0,0,0,0,0,0,0,0,0,0,0,0,0,0,0,0,0,0,0,0,0,0,0,0,0,0,0,0,0,0,0,0,0,0,0,0,0,0,0,0,166,417
ZAMBEZIA,MILANGE,"619,275",0,0,0,0,0,0,0,0,0,0,0,1,1,0,2,0,0,3,1,1,0,0,0,0,0,1,0,0,0,0,0,0,0,1,1,2,2,2,0,1,19,4,3,11,2,2,2,0,24,0,2,2,0,0,0,0,0,0,0,0,0,0,2,0,0,1,0,2,0,6,23,66,89,33,28,7,14,0,1,0,0,0,0,0,0,0,1,0,0,0,0,3,62,0,390,160,100,24,0,0,0,8,4,0,0,0,0,0,0,0,0,0,0,0,0,0,0,0,0,0,0,0,0,3,8,1,3,0,0,1,2,0,1,0,0,0,0,0,0,0,0,0,0,0,0,0,36,351,760
ZAMBEZIA,MOCUBA,"422,681",0,0,0,0,0,0,0,0,0,0,0,0,0,0,0,0,0,0,0,0,0,0,0,1,15,37,13,4,2,0,2,0,0,5,3,9,0,3,0,0,94,20,13,3,16,2,21,1,28,3,19,5,0,0,0,2,5,0,0,0,0,0,0,0,0,0,3,1,12,19,7,32,54,14,78,21,6,4,0,0,0,0,0,0,1,0,1,0,0,0,0,2,3,0,396,46,69,99,0,0,0,1,0,0,0,1,0,0,0,0,0,0,0,0,0,0,0,0,0,0,0,0,0,0,0,1,0,1,0,0,1,0,0,0,0,0,0,0,0,0,0,0,0,0,0,0,0,219,709
ZAMBEZIA,MOCUBELA,"110,857",0,0,0,0,0,0,0,0,0,0,0,0,0,0,0,0,0,0,0,0,0,0,0,0,2,29,0,2,0,0,1,0,0,0,0,0,0,0,0,0,34,0,0,5,2,0,2,1,0,0,0,0,0,0,0,0,0,0,0,0,0,0,1,0,0,0,0,1,1,23,24,16,43,26,10,0,0,0,0,0,0,0,0,0,0,0,0,0,0,0,1,0,37,0,193,87,179,7,0,0,0,0,0,0,0,0,0,0,0,0,0,0,0,0,0,0,0,0,0,0,0,0,0,0,0,0,0,0,0,0,0,0,0,0,0,0,0,0,0,0,0,0,0,0,0,0,0,273,500
ZAMBEZIA,MOLUMBO,"331,980",0,0,0,0,0,0,0,0,0,0,0,0,0,0,0,0,0,0,0,0,0,0,0,0,3,15,0,0,1,0,0,0,0,0,0,0,1,0,0,4,24,13,9,12,11,4,0,0,2,2,6,2,0,0,0,1,0,1,0,0,0,0,0,0,0,0,0,1,1,1,0,23,29,10,1,1,10,3,4,0,0,0,0,0,0,0,0,0,0,0,0,8,22,0,177,64,30,10,1,6,1,0,1,0,0,0,0,0,0,0,0,0,0,0,0,0,0,0,0,0,0,0,0,0,0,0,0,0,0,0,0,0,0,0,0,0,0,0,0,0,0,0,0,0,0,0,14,127,328
ZAMBEZIA,MOPEIA,"136,520",0,0,0,0,0,0,0,0,0,0,0,0,0,0,0,0,0,1,0,0,0,0,0,0,0,10,1,14,2,0,0,0,1,1,0,0,2,2,1,0,35,0,7,11,16,0,5,0,8,2,3,2,0,0,0,1,0,1,0,0,0,0,0,0,0,0,0,13,11,22,1,5,15,0,0,1,2,20,0,0,0,0,0,0,0,0,0,0,0,0,0,1,0,0,147,55,60,12,2,0,0,0,0,0,0,0,0,0,0,0,0,0,0,0,0,0,0,0,0,0,0,0,0,0,0,0,0,0,0,0,0,0,0,0,0,0,0,0,0,0,0,0,0,0,0,0,11,140,322
ZAMBEZIA,MORRUMBALA,"380,189",0,0,0,0,0,0,0,0,0,0,0,0,0,0,0,0,0,0,0,0,0,0,0,0,8,7,9,0,6,0,1,1,1,1,0,0,3,0,5,0,42,3,13,5,6,5,4,1,4,5,10,12,0,0,3,0,0,0,0,0,0,0,0,0,0,0,0,0,0,0,0,0,0,0,0,0,0,0,0,0,0,0,0,0,0,0,0,0,0,0,0,2,17,0,90,1,0,14,0,0,0,0,0,5,0,0,0,0,0,0,0,0,0,0,0,0,0,0,0,0,0,0,0,0,0,0,0,0,0,0,0,0,0,0,0,0,0,0,0,0,0,0,0,0,0,0,0,20,152
ZAMBEZIA,MULEVALA,"106,192",0,0,0,0,0,0,0,0,0,0,0,0,0,0,0,0,0,0,0,0,0,1,0,0,2,4,9,14,13,0,0,0,0,0,0,0,0,0,0,0,43,3,4,20,20,0,5,1,1,6,1,0,0,0,0,1,1,0,0,0,0,0,1,0,0,0,0,0,3,5,3,2,12,0,4,1,1,1,0,0,0,0,0,0,0,1,0,0,0,0,0,0,0,0,97,21,9,10,1,0,0,0,0,0,0,0,0,0,0,0,0,0,0,0,0,0,0,0,0,0,0,0,0,0,0,0,0,0,0,0,0,0,0,0,0,0,0,0,0,0,0,0,0,0,0,0,0,41,181
ZAMBEZIA,NAMACURRA,"242,126",0,0,0,0,0,0,0,0,0,0,0,0,0,0,0,0,0,0,0,0,0,0,0,0,0,1,0,15,1,1,0,0,0,0,0,0,0,0,0,0,18,1,0,9,12,3,0,0,3,5,3,3,0,0,5,5,2,2,3,0,1,0,0,0,0,0,0,0,3,4,8,21,25,4,4,5,3,0,0,0,2,0,0,0,0,0,0,0,0,0,1,3,122,0,262,40,8,0,0,0,0,0,0,0,0,0,0,0,0,0,0,0,0,0,0,0,0,0,0,0,0,0,0,0,0,0,0,0,0,0,0,0,0,0,0,0,0,0,0,0,0,0,0,0,0,0,7,55,335
ZAMBEZIA,NAMARROI,"149,898",0,0,0,0,0,0,0,0,0,0,0,0,0,0,0,0,0,0,0,0,0,0,0,0,0,3,1,1,2,0,1,0,0,0,0,3,0,0,0,0,11,0,0,3,7,0,2,0,5,0,1,0,0,0,0,0,0,0,0,1,0,1,0,0,0,0,0,0,1,1,0,0,1,0,0,0,0,0,0,0,0,0,1,0,0,0,0,0,0,0,0,0,5,0,29,0,0,0,0,0,0,0,0,0,0,0,0,0,0,0,0,0,0,0,0,0,0,0,0,0,0,0,0,0,0,0,0,0,0,0,0,0,0,0,0,0,0,0,0,0,0,0,0,0,0,0,0,0,40
ZAMBEZIA,NICOADALA,"180,686",0,0,0,0,0,0,0,0,0,0,0,0,0,0,0,0,0,1,0,0,0,0,2,0,6,25,5,0,1,1,7,1,1,2,1,5,0,1,3,1,63,3,10,26,11,7,9,0,8,8,1,9,0,0,0,1,1,0,0,0,0,0,0,1,0,0,0,0,1,8,17,21,25,29,5,0,1,2,1,0,0,0,0,0,0,0,0,0,0,0,2,11,72,0,290,101,65,8,4,3,0,0,0,0,0,0,0,0,0,0,0,0,0,0,0,0,0,0,0,0,1,1,2,1,2,4,1,0,0,1,0,0,0,0,0,0,0,0,0,0,0,0,0,0,0,0,43,237,590
ZAMBEZIA,PEBANE,"195,857",0,0,0,0,0,0,0,0,0,0,0,0,0,0,7,0,0,0,1,0,0,0,0,0,7,16,2,2,7,0,1,0,0,1,0,2,2,1,0,0,49,0,2,13,10,2,2,0,4,0,3,4,0,1,2,2,1,0,0,1,0,0,2,0,1,7,0,0,7,8,3,22,15,6,5,1,0,0,0,0,0,0,0,0,0,0,0,0,0,0,1,2,31,0,158,77,1,11,0,0,1,0,0,0,0,0,0,0,0,0,0,0,0,0,0,0,0,0,0,0,0,0,0,3,2,3,0,1,1,2,0,0,0,0,0,0,0,0,0,0,0,0,0,0,0,0,15,117,324
ZAMBEZIA,QUELIMANE,"349,842",0,0,0,0,0,0,0,0,2,0,0,2,1,6,6,5,0,1,2,0,1,1,2,113,104,56,15,5,28,14,33,31,40,36,33,57,34,42,45,36,751,111,187,192,308,105,168,41,311,302,213,213,17,44,75,95,23,8,5,14,9,0,6,3,0,5,36,29,76,113,209,128,403,228,162,133,46,39,5,6,3,3,0,3,2,0,4,0,9,2,2,32,297,2,4427,411,439,357,148,29,5,7,3,2,1,2,2,0,0,1,1,0,0,0,0,0,0,1,5,0,5,16,46,23,14,28,6,5,0,3,0,0,1,0,0,0,0,0,0,0,0,0,0,0,0,1,29,1591,6769